full_text,sentiment
timnas bahrain harusnya malu sih karena media asing mulai menotice kontroversi dari wasit ahmed al kaf pada laga indonesia vs bahrain  bahkan beberapa dari media asing mengatakan poin yang didapat bahrain tadi malam karena dibantu oleh wasit  timnasday afcmafia ,negative
 bahrain have a lot of money but don t have a class  komentar terbaik dari suppoer timnas indonesia vs bahrain  menyala ,negative
kalender timnas indonesia di tahun 2024  oktober  timnas senior   r3 kualifikasi piala dunia 2026 10 10     bahrain vs indonesia    15 10     china vs indonesia    timnas u17   kualifikasi piala asia u17 2025 23 10     kuwait vs indonesia    25 10     mariana island vs ,neutral
gassss yang mau nobar indonesia vs bahrain kamis malem info nobar timnas jogja timnasday ,neutral
netijen indonesia paling sering ribut dgn netijen malaysia mengenai keunggulan timnas masing2  namun justru media malaysia yg 1 suara dgn netijen indonesia terkait kontroversi wasit pada peandingan bahrain vs indonesia  ,negative
respon kevin diks setelah timnas indonesia vs bahrain   saya nonton saya gak bisa tidur  padahal besok saya ada tes kesehatan  dan saya bete  belum jd wni tapi hatinya udah merah putih     pas nanti jd wni siap2 aja ada yg nyenggol timnas lg  garudamendunia ig erickthohir ,neutral
ngeliat kelakuan wasit indonesia vs bahrain kemarin knetz jadi throwback  ternyata timnas korea juga pernah jadi korban pas lawan iran  katanya wasit ini tuh skilled tapi kalau udah ngelibatin negara timur tengah keputusannya jadi biased ,negative
  mees hilgers debut sebagai staer   malik risaldi debut sebagai staer   maaen paes fit untuk bermain   jordi amat is back   eliano reijnders ada di bench bahrain vs indonesia kick off 23 00 wib   rcti bismillah 3 poin      blibli  ,neutral
respect sama seluruh pemain timnas indonesia yang bisa kontrol emosi di lapangan pasca peandingan vs bahrain  kredit juga untuk para staf pelatih yang ikut menjaga pemain agar tidak melakukan protes yang berlebihan  fokus untuk laga selanjutnya vs china timnas indonesia   ,positive
resmi peandingan bahrain vs indonesia akan di siarkan di 48 negara   tapi hanya 1 negara dari asean yang menanyangkan peandingan ini adik asean yang lain ga punya acara tv apa cemana kelen   timnas indonesia ,neutral
before after instagram wasit ahmed al kaf setelah peandingan timnas indonesia vs bahrain langsung di private ga tuh makanya jangan makan duit haram lu botak  di suap berapa duit lu  kaga prit prit udah jelas waktu habis timnasday timnasindonesia ,negative
45 2  gooaaal ragnar oratmangoen  var check    completed gol sah  bahrain 1 1 indonesia  yukk bisa yukk timnasday ,positive
persatuan sepak bola seluruh indonesia  pssi  resmi mengajukan surat protes ke konfederasi sepak bola asia  afc  atas kepemimpinan ahmed al kaf wasit laga timnas indonesia vs bahrain dalam kualifikasi piala dunia 2026 zona asia    ketua umum pssi erick thohir mengonfirmasi ,negative
komentar pelatih timnas indonesia shin tae yong usai skuad garuda  dikerjai  wasit pada laga bahrain    vs indonesia    coach sty marah dengan keputusan wasit yang berat sebelah  bagaimana tanggapan jebreeeteam  ,positive
kamis 10 oktober 2024 kick off   23 00 wib bahrain vs indonesia ,neutral
media internasional belanda jepang korea hingga meksiko mengomentari laga sepakbola bahrain vs timnas indonesia  menurut mereka wasit afcmafia ahmed al kaf tidak beres  sehingga timnasday gagal meraih kemenangan yg sebetulnya sudah di depan mata ,neutral
proyeksi target point timnas indonesia  1 1 away vs arab saudi  1 point   0 0 home vs australia  1 point   2 2 away vs bahrain  1 point   15 9 away vs china  3 point 14 11 home vs jepang  1 point 19 11 home vs arab  1 point 20 3 away vs australia  1 point 25 3 home vs ,neutral
terlepas dari semua kontroversial yang terjadi di laga bahrain vs    indonesia kita wajib kasih spotlight buat rafael struick yang tampil mengesankan  1st goal timnas beliau terlibat ketika penetrasi  amp  mengumpan 2nd gol timnas beliau scoring  ,positive
  resmi  27 pemain timnas indonesia untuk kualifikasi piala dunia zona asia ronde ketiga matchday 3  amp  4           bahrain vs indonesia 10 10 2024   23 00 wib china vs indonesia 15 10 2024   19 00 wib bismillah 6 poin  ,neutral
ft   bahrain 2 2 indonesia kemenangan di depan mata gagal karena keputusan wasit tetap bangga        timnasday timnasindonesia ,positive
sebelum bri liga1 dimulai   kembali semua bersatu mendukung timnas indonesia   babak 3 qualifikasi piala dunia 2026  vs bahrain  kamis 10 oktober 2024 vs china   selasa 15 oktober 2024 tiap grup  posisi 1  amp  2 lolos piala dunia posisi 3  amp  4 melaju babak 4 posisi 5  amp  6 gugur ,neutral
terakhir kali timnas indonesia main di bahrain  begitu memalukannya sampai harus diselidiki fifa    bahrain butuh menang 9 0 jika ingin lolos  akhirnya tetap gagal lolos karena qatar imbang vs iran     syamsidar dapat kau merah di menit ketiga    bahrain dapat 4 penalti  ,positive
pure aku ingin mencurahkan apa yg kurasakan barusan saat berakhirnya peandingan bahrain vs indonesia murni statementku yah terimakasih buat timnas dan semangat untuk match selanjutnya ,positive
timnas day giveaway time indonesia vs bahrain hadiah 1 juta rupiah untuk 10 orang beruntung  5 orang yang menjawab benar 5 orang lagi random syarat follow retweet quote dan like   zaar and  zaar  sma 70 timnasday ,neutral
belum apa apa wasit asal uea omar mohamed al ali sudah diincar warganet omar mohamed al ali akan memimpin peandingan indonesia vs china selasa  15 10  mendatang  insiden perpanjangan waktu yang merugikan timnas indonesia oleh wasit ahmed al kaf di laga melawan bahrain ,positive
 nilai rating para pemain timnas indonesia vs  bahrain di babak peama oren oren yang penting bismillah poin  blibli  ,neutral
ternyata kevin diks juga ikut kesal menonton laga timnas indonesia vs bahrain kamis  10 10  lalu  dia ikut bete melihat ulah wasit ahmed al kaf demikian menurut erick thohir di video yang diunggah di instagram ketum pssi itu  semoga proses naturalisasi  dilancarkan ,neutral
melihat dari yg pernah terjadi antara afrika selatan vs senegal 2016 maka peandingan tadi malam timnas indonesia vs bahrain berpotensi di lakukan tanding ulang inilah salah satu buah dari wasit ahmed al kaf yg tidak becus memimpin peandingan afcmafia  ,neutral
goal ke 2 indonesia di babak kedua dicetak rafael struick timnas indonesia vs bahrain skor 2 1 timnasday ,neutral
ini disampaikan pelatih timnas indonesia shin tae yong dalam konferensi pers usai peandingan bahrain vs indonesia yang berakhir imbang 2 2 yang diwarnai kontroversi  baik indonesia dan bahrain melakukan yang terbaik sampai wasit meniup peluit pada menit terakhir  tapi saya ,positive
lokasi yang menyelanggarakan nobar timnas indonesia vs bahrain ,neutral
jelang laga timnas indonesia vs timnas bahrain supoer indonesia antusias hadir untuk mendukung timnas   fifa jatuhkan sanksi kepada bahrain gara gara insiden laser saat jumpa jepang  timnasindonesia timnasday ,positive
 rating timnas indonesia vs  bahrain  blibli  ,positive
link timnas ,positive
shame on you ahmed al kaf wasit gila yang sudah punya 2 jam tangan tapi curang membiarkan peandingan melewati batas waktu tambahan 6 menit indonesia vs bahrain jadi 2   2  fifa hrs investigasi wasit curangi timnas indonesia afcmafia fifa timnasindonesia timnasday timnas ,positive
presiden ri joko widodo mengaku gondok atau jengkel dengan keputusan kontroversial wasit ahmed al kaf pada laga timnas indonesia vs bahrain  jokowi menyebutkan alasan dirinya gondok karena waktu tambahan yang seharusnya 6 menit menjadi 9 menit karena wasit tak kunjung meniup ,positive
hai haiii siapa yg ga sabar nonton timnas indonesia vs bahrain malam ini       bisa nonton live streaming di vision plus atau rcti  yaa ready banyak di aku cuss langsung aja order ke dm wa untuk harga dan info lengkap cek gambar di bawah ini timnasindonesia timnas zonaba ,neutral
emang dasar wasit nya udah dibayar sama pihak bahrain  tetap semangat timnas indonesia   perjuangan belum selesai   aku tambahin tangkapan layar di menit ke 98 32 dengan skor bahrain 1 vs indo 2  timnasday ,positive
pelatih timnas indonesia shin tae yong menilai semua yang menyaksikan laga melawan bahrain akan memahami mengapa pemain garuda marah atau kesal saat laga usai  drama terjadi dalam laga bahrain vs indonesia dalam lanjutan laga grup c kualifikasi piala dunia 2026 zona asia di ,negative
 link streaming timnas day    indonesia vs bahrain  jam 11 kevin diks ragnar raline shah timnasday ,neutral
menuju piala dunia 2026 peandingan timnas indonesia vs bahrain tersaji pada pukul 23 00 wib live di rcti timnasday ,positive
oh men  mungkin kita gak bisa ubah skor mutlak tapi kita masih bisa bela timnas indonesia  untuk apa ada waktu 2x45 menit kalo yang menang hasil curang  justiceforindonesia 90 6  98    shame on you   indonesia vs bahrain ,positive
satu kata buat peandingan malam ini bahrain vs indonesia  timnasindonesia timnas wasit timnasday ,neutral
timnasday bahrain vs indonesia aura piala dunia dukung dan doakan timnas kita   timnasday timnasindonesia sejkt sejakaa ,positive
hamdallah indonesia 1   1 bahrain minimal beahan ya bro maksimal nambah angka goal lagi  semangat garuda muda kami mendukungmu timnasindonesia timnas timnasday ,positive
hasil akhir peandingan antara timnas indonesia vs bahrain indonesia berhasil bermain imbang dengan skor 2 2  gg indonesia  tapi tetep     semangat terus garudakuuuuu   garudamendunia timnasday ,positive
meski cuaca hujan deras nonton bareng timnas indonesia vs bahrain pada kualifikasi piala dunia 2026 di alun   alun batang jawa tengah tak mengurangi dukungan kepada pemain timnas jumat  11 10   mst beritaelshinta elshintaspo ,neutral
yuk reply tebak skor peandingan timnas indonesia vs bahrain malam ini  siapa jagoan mu ,neutral
pssi akan mengajukan protes kepada afc dan fifa atas kepemimpinan wasit indonesia vs bahrain ahmed al kaf  meski demikian timnas indonesia diharapkan tetap fokus untuk menjalani rangkaian peandingan kualifikasi piala dunia dan tidak kehilangan konsentrasi di peandingan ,negative
goollll    indonesia 1 1 bahrain timnasday asianqualifiers ,positive
   h 1 md3 grup c kualifikasi r3 piala dunia 2026      bahrain  76  vs  129    indonesia  10 10  hari ini  9 10  sore atau malam waktu indonesia berai akan ada agenda konferensi pers jelang laga   bahrain vs   timnas indonesia besok malam  10 9  siapa yang bakal dampingi ,neutral
wasit al kaf yang beugas saat laga indonesia vs bahrain jadi bulan bulanan netizen  62  gegara keputusan kontroversial ahmed al kaf dianggap merugikan timnas garuda  timnasindonesia detikcom ,positive
info nonbar timnas jadikan tweet ini sebagai sarana beanya dan ngasih informasi seputar nonton bareng nobar timnas indonesia vs bahrain  ,neutral
laga ke 3 timnas indonesia di kualifikasi piala dunia sambil menunggu yuk main kuisalfama tebak skor kira kira berapa skor dari peandingan bahrain vs indonesia vs   langsung aja komen jawabanmu dengan hashtag tebakskoralfama lalu follow dan like 5 postingan sebelumnya ,neutral
prediski lineup timnas indonesia vs bahrain versiku ,positive
 breaking fyi gais afconqualifiers match china    vs    timnas indonesia wasit nye dari timteng arab lg omar mohamed al ali uae uni emirate arab arab araban mulu dr kmrn referee nya utk timnasday qatar saudi arabia bahrain si memet eeh ahmed al kaf maju terus king ,positive
bisa nih nonton timnas bahrain vs timnas indonesia cadangan kalau rcti trouble  follow dan retweet timnasday timnasindonesia link di kolom komentar ya gays  ,neutral
pelatih timnas indonesia shin tae yong meluapkan kekecewaannya terhadap kepemimpinan wasit ahmed al kaf di laga bahrain vs indonesia  sty mengatakan sejumlah keputusan al kaf memalukan  detikspo timnasindonesia ,positive
full time score  ,neutral
selain dari skema bola mati yg kok ngeri2 sedap bahrain masih bisa diatasi oleh peahanan indonesia  malah indonesia yg cetak gol dari open play  satu peluang satu gol  saya sih pede bisa ini berakhir dg skor 2 1 untuk skuad asuhan shin tae yong  gimana kalian  ,neutral
bliaw ini emang harus dipancing terus sampe akhir      tepok jidat btw ini link streaming timnas indonesia vs bahrain yg real no fake  pas tadi ngecek bisa sih gatau skrg berubah apa gak   alternative link  ,neutral
klarifikasi ahmed al kaf wasit yang memimpin peandingan antara timnas indonesia vs bahrain  ,positive
ht     bahrain 1 1 indonesia      mahroon 15    ragnar oratmangoen 45 3  menurut kalian apa yang masih harus dievaluasi  timnasday ,neutral
dikutip dari salah satu berita online  okezone  shintaeyong memanggil 27 nama untuk memperkuat timnas vs bahrain sea ketika melawat ke china nanti  berikut adalah prediksi line up timnas indonesia vs bahrain nanti  bagaimana menurut kalian  apakah yakin kita bisa membawa ,neutral
foto timnas indonesia gagal meraih kemenangan saat menghadapi bahrain di kualifikasi piala dunia 2026  garuda ditahan imbang 2 2 dalam drama gol menit akhir  berikut foto fotonya   gt  gt   foto  reuters hamad i mohammed timnasindonesia detikspo ,neutral
    timnasday kevin diks welcome to timnasindonesia referee wasit arab   bahrain here we go garuda calling we are garudamendunia always ready for the next match 15 oktober   19 00 wib china   indonesia tiongkok   vs   timnas indonesia met malming sabtu malam ,positive
timnas indonesia vs bahrain siapa yang lebih kuat  ,positive
  link streaming timnas day    indonesia vs bahrain 0 0      jay paes malik vision tv timnasday ,neutral
matchday poster timnas indonesia vs bahrain   me timnas timnasday garudamendunia    ,neutral
timnas indonesia xi vs bahrain  paes  hilgers idzes amat  walsh ivar haye verdonk  malik struick ragnar harapan kalian kalian orang untuk memberi kesempatan kepada malik risaldi dikabulkan coach shin timnasday ,positive
kacau wasit fifa di peandingan timnas indonesia vs bahrain     ,negative
h 2   siapa yang sudah deg degan menjelang hari perlawanan vs    bahrain  satu satunya kemenangan kita atas bahrain terjadi pada piala asia 2007  2 1  duplikasikan  ayo timnas indonesia     ,neutral
                    pelatih timnas indonesia kecewa dengan kepemimpinan wasit di laga bahrain vs indonesia  menurutnya keputusan wasit bias dan memalukan setuju dengan coach shin detikers  timnasindonesia shintaeyong wcq2026 detikspo ,positive
para pemain timnas indonesia tampak tidak bisa menyembunyikan kekecewaan ketika menghampiri fans usai laga vs bahrain  tetap tegakkan kepala garuda  bolacomid blcbm timnasindonesia ,positive
halo kaa aku ready vision  spo persiapan nonton timnas indonesia vs bahrain di qualifikasi piala dunia round 3 yuk ready harian mingguan bulanan stok banyak   sung wa aja kakk  zonaba zonauang zonajajan ,neutral
tandain neh si memet ahmed al kaf wasit bahrain vs indonesia timnasindonesia timnas timnasday garudamendunia ,positive
                 bahrain 2   2   indonesia    ,positive
prediksi staing line up peandingan kualifikasi piala dunia  bahrain vs indonesia    timnasindonesia timnas indonesia ,neutral
perbandingan nilai skuad timnas indonesia vs bahrain saat ini        ,positive
daftar susunan pemain timnas indonesia vs bahrain coach shin tae yong yang sulit ditebak ,positive
sobatrupiah kalau timnas berimakna menang vs bahrain   peluang lolos ke fase berikutnya terbuka lebar   naik ranking di fifa  jadi makin semangat kan  semangat ini juga dibutuhkan utk mempeahankan stabilitas  amp  perkuat peumbuhan ekonomi kita   ,positive
kick off times  bahrain vs indonesia    peandingan disiarkan di 48 negara di zona waktu yang berbeda      kitagaruda   garudamendunia ,neutral
 link streaming timnas day    indonesia vs bahrain    jay ragnar 3 show sma 70 timnasday ,neutral
akhirnya gooolllll    dicetak oleh ragnar oratmangoen 45 3     bahrain 1 1 indonesia    timnasday timnasindonesia timnasday timnasdaylive ,positive
sekarang saatnya timnas garuda mendunia  dukung penuh timnas garuda raih poin penuh di laga tandang putaran ketiga kualifikasi piala dunia 2026    bahrain vs indonesia    10 oktober 2024   china vs indonesia    15 oktober 2024 bersama bank mandiri dukung penuh timnas ,positive
deretan dosa besar ahmed alkaf wasit asal oman yang pimpin match bahrain vs timnas indonesia  ada yang perlu ditambahin sob  timnas timnasday timnasindonesia bolanusantara ,positive
kata media asing soal bahrain vs indonesia soroti kontroversi wasit dan timnas yang sulit dikalahkan  ,negative
 resmi   graham arnold mengundurkan diri dari jabatannya sebagai pelatih timnas australia  beliau menjadi pelatih socceroos sejak 2018     kegagalan meraih kemenangan vs bahrain dan indonesia menjadi penyebab desakan mundur semakin kencang  ,positive
kalkulasi target point timnas indonesia  10 9 away vs bahrain  3 point 15 9 away vs china  3 point 14 11 home vs jepang  1 point 19 11 home vs arab  1 point 20 3 away vs australia  1 point 25 3 home vs bahrain  3 point 5 6 home vs china  3 point 10 6 away vs jepang  0 point ,neutral
indonesia vs bahrain berakhir 2 2  meski belum menang semangat juang timnas luar biasa  gol dari ragnar dan rafael struick menunjukkan potensi garuda yang sangat luar biasa  kamiindonesia pialadunia2026 timnasindonesia timnasday rafaelstruick ragnar bahrain paes ,positive
live room stadeo  jumat 11 oktober   10 00 wib review timnas indonesia vs bahrain selengkapnya join room stadeo kami  ,neutral
rekam jejak wasit omar al ali yg bakalan pimpin timnas indonesia vs china lagi2 dr timur tengah  royal kasih kau kuning pula  dan kemarin yg pimpin australia vs bahrain dan kasih kau merah ke austrlia yg bikin australia kalah  ,positive
info link timnas indonesia vs bahrain dong,neutral
wasit asal oman ditunjuk untuk memimpin laga bahrain vs indonesia dalam lanjutan kualifikasi piala dunia  tentu ini kabar yang kurang bagus bagi timnas mengingat oman dan bahrain adalah negara serumpun dan beetangga satu regional  wasit ahmef al kaf akan menjadi wasit utama ,positive
staing xi bahrain vs indonesia eliano masih diparkir  dan yang mengejutkan malik risaldi turun sebagai staer  barisan peahan dipercayakan kepada trio jay idzes jordi amat dan mees hilgers  rizky ridho disimpan dulu sama coach shin tae yong  timnasindonesia timasday ,neutral
wasit yang memimpin peandingan timnas indonesia vs bahrain jadi bulan bulan nitizen 62   sampai akun ig lenyap  kita tunggu tim bahrain datang ke indonesia lalu merahkan stadion  bravo timnasindonesia timnasday ,neutral
full time bahrain 2   2 indonesia gimana tanggapan para pengamat wasit berat sebelah apa berat di kepala timnasday ,neutral
exco pssi dan manajer timnas sumardji angkat bicara soal isu psywar jelang laga kuaalifikasi piala dunia 2026 putaran ketiga antara bahrain vs indonesia  ada sebutan suppoer tim lawan mengungkit kekalahan besar indonesia di masa lalu  kekalahan yang diungkit merupakan ,negative
detik detik jelang laga bahrain vs timnas indonesia pada kualifikasi piala dunia 2026 round 3 kamis 10 oktober 2024  tebak tebakan skor yuk  coba komen dibawah berapa tebakan skor kamu  berhadiah rp 100 000 untuk 2 orang pemenang   syarat  ikutan di ig turunminum ,neutral
  malik risaldi comeback ke timnas malik risaldi langsung jadi staer di laga indonesia vs bahrain  ia sempat mengalami cedera setelah berbenturan dengan pemain bahrain yang menyebabkan pelipisnya pecah  tapi risaldi tetap berjuang untuk timnas indonesia dengan perban di ,positive
 kebobolan 15     bahrain 1 0 indonesia    yok semangat waktu masih panjang timnasday,positive
yang cari app streaming buat nonton timnas aku ready yaa    amp  rcti  semuanya sharing antilimit screen  amp  bisa login all dev 1 hari 6k 7 hari 10k 1 bulan 17k t  wtb wts vision  rcti  bola timnas indonesia vs bahrain zonauang zonajajan zonaba timnasindonesia timnasday ,neutral
link siaran langsung bahrain vs timnas indonesia mulai pukul 23 00 wib link    link tele    timnasday timnasindonesia kitagaruda   ,neutral
diluar kontroversi wasit yang memimpin bahrain vs indonesia tadi ada hal yang ingin saya soroti dari pemain timnas kita sendiri yaitu marselino dan witan ,positive
duel antara bahrain vs timnas indonesia ternyata tidak hanya disiarkan di kedua negara saja  duel ini akan disiarkan di 48 negara di dunia mulai dari eropa asia australia hingga afrika  indonesia makin mendunia coy  kalian nonton dimana lob  bolalobfootball ,negative
bahrain 2  2  timnas indonesia penuh waktu  timnasindonesia   timnasday ,positive
throwbackthursday peemuan terakhir timnas indonesia vs bahrain dalam lanjutan kualifikasi piala dunia 2014 zona asia ronde ke 2 berakhir dengan kekalahan tipis  lebih dari 12 tahun kemudian kita akan berjumpa kembali dalam kualifikasi piala dunia 2026 zona asia ronde ke 3  ,positive
bismillah optimis timnas indonesia menang    yuk bantu doa dan dukung untuk timnas indonesia vs bahrain source video  timnasday ,positive
timnas day    berikut jadwal dan kalkulasi poin hasil peandingan   indonesia vs bahrain kamis 10 oktober 2024 pukul 23 00 wib timnasku timnasday indonesiavsbahrain jadwalbola ,neutral
ft  bahrain   2 2   indonesia match fixing wasitnya tolol banget anjing timnasindonesia timnasday ,positive
anggota komite eksekutif pssi sumardji mengungkapkan federasi akan mengakomodasi fans timnas indonesia yang ingin menyaksikan langsung laga di kandang bahrain 10 oktober 2024  surat ke federasi sepak bola bahrain  bfa  sudah dikirim  idntimesspo  ,neutral
 seng ada lawan  shayne pattynama pasang badan usai laga timnas indonesia vs bahrain rafael struick sampai berlari     seng ada lawan shayne pattynama pasang badan untuk timnas indonesia usai laga kontra bahrain  bahkan situasi hampir lepas kontro  ,negative
mau bahas head to head lawan bahrain tapi udah beda masa head to head timnas indonesia vs bahrain dulu tak patut diliat beda zaman bos        terakhir ketemu 2012 kita dibantai 10 0 saat kualifikasi round 2 timnasindonesia timnasday timnas ,neutral
live timnas indonesia vs bahrain kualifikasi piala dunia tahun 2026 zona asia round 3 kamis 10 oktober 2024 pialadunia timnasday a thread ,neutral
supoer timnas indonesia garuda bahrain akan mengibarkan bendera raksasa berukuran 10 meter di laga indonesia vs bahrain 10 oktober 2024 selain bendera raksasa garuda bahrain juga siapkan koreo khusus untuk mendukung timnas indonesia  supoer timnasindonesia timnasday ,neutral
pssi kirim surat protes ke fifa soal wasit bahrain vs timnas ,neutral
calvin verdonk   kami belum terkalahkan di putaran 3 kualifikasi piala dunia 2026 jarang main sosmed tiba   tiba nongol di konferensi pers jelang timnas indonesia vs bahrain timnasday ,negative
review timnas  bahrain guling guling wasit bikin pusing    kontroversi wasit ahmed al kaf  oman    protes ke afc atau fifa  apa hasilnya    indonesia kurang klinis  amp  lengah hadapi set piece   debut manis mees hilgers   preview tiongkok vs indonesia ,positive
ragnar oratmangoen     45 3   bahrain 1 1 indonesia timnasday ,positive
lewat konferensi pers resmi terbaru coach shin tae yong memberikan konfirmasi maaen paes rencananya akan dimainkan pada laga timnas indonesia vs bahrain  jurnalis  bagaimana situasi mengenai kiper maaen paes  apakah ia siap untuk laga besok  sty  100  ia akan bermain ,positive
nobar timnas         ayo kangmas mbakyu nonton bareng timnas indonesia pada kualifikasi piala dunia putaran ketiga grup c  nonton bareng di pendopo r a  kaini jepara kamis 10 oktober 2024 mulai pukul 20 30 wib  kick off peandingan bahrain vs indonesia pukul 23 00 wib  ,neutral
  staing xi indonesia vs bahrain      1  maaen paes 2  mees hilgers 4  jordi amat 3  jay idzes 6  sandy walsh 17  calvin verdonk 19  thom haye 18  ivar jenner 10  malik risaldi 9  rafael struick 11  oratmangoen optimis raih poin malam ini  timnasday ,neutral
menyambut peandingan antara timnas indonesia vs bahrain ada total e saldo pulsa 50rb untuk dua penebak skor yang benar  rule 1  follow 2  like    3  tulis skor di kolom komentar ditambahi hastag timnasday 4  close comment besok jam 21 00 wib 5  pemenang dipilih acak  ,neutral
timnasday timnasindonesia bahrain vs timnas indonesia live streaming    hd link gt  gt   please retweet if you want to watch the games ,positive
mo nonton langsung setiap peandingan timnas indonesia     ayo pesan tiket pesawat lebih cepat praktis dan nyaman hanya 1 aplikasi di brimo perbanyak transaksimu pakai brimo biar dapat banyak poin dan hadiah di brimo fstvl  jangan lupa saksikan match 3 bahrain vs ,neutral
kevin diks otw gabung timnas indonesia ini menjadi sepei sedikit pelipur lara setelah indonesia vs  bahrain kemarin ,positive
 link streaming timnas day    indonesia vs bahrain    jam 11 malik jordi vision timnasday ,neutral
   h 2 md3 grup c kualifikasi r3 piala dunia 2026      bahrain  76  vs  129    indonesia  10 10  catatan peemuan antara bahrain kontra timnas indonesia kedua tim tercatat terakhir kali bersua lebih dari 1 dekade lalu pada tahun 2012   25 7 2004  piala asia 2004   ,neutral
suasana di bahrain national stadium sesaat sebelum kick off babak peama bahrain vs indonesia pemain timnas dan supoer indonesia sudah berada di dalam stadion  gasgasgasskan    timnasday  ,neutral
timnasday indonesia vs bahrain 2 1 persis prediksi sepeinya ,neutral
penambahan caps timnas indonesia pasca babak peama vs bahrain 20   jordi amat 18   rafael struick 16   sandy walsh 16   ivar jenner 07   ragnar oratmangoen 07   thom haye 05   jay idzes 04   calvin verdonk 03   maaen paes 02   malik risaldi 01   mees hilgers,neutral
dragan talajic pelatih bahrain ketar ketir dengan peahanan timnas indonesia   timnas bahrain kali ini penuh perhitungan menghadapi jay idzes mees hilgers dan kawan kawan  dan harus ekstra keras agar bisa membobol gawang maaen paes  bahrain vs indonesia bakal menjalani ,positive
laga bahrain vs timnas    besok  10 10     skuad indonesia punya rata2 usia 25 tahun  bahrain 29 2 tahun   harga pasaran pemain    rp 426 28 miliar  bahrain rp 158 17 miliar  ,neutral
kebangun jam 1 nonton timnas bentar indonesia vs bahrain alhmdulillah menang 2 1 eh tak close tau tau kok seri aja  habis itu mau tidur gabisa padahal pagi masuk kerja ,neutral
 indonesia vs bahrain link streaming timnas day     ragnar marselino sma 70 timnasday ,positive
 link streaming timnas day    indonesia vs bahrain 0 1     rcti wasit malik paes vision tv timnasday ,neutral
shayne pattynama ngamuk terjadi keributan usai laga bahrain vs timnas indonesia ,negative
cek fakta  klarifikasi ahmed al kaf yang diduga hoaks wasit laga bahrain vs timnas indonesia mengaku tak bersalah ,negative
malik risaldi serangan malik cepat setelah mendapat umpan lambung dari mees hilgers dan melepaskan tendangan akurat dari luar kotak pinalti  goaallllllllllllllllllll  67 bahrain 0 3 indonesia  3 ragnar  36 jay   67 risaldi,neutral
link siaran langsung bahrain vs timnas indonesia kualifikasi piala dunia mulai pukul 23 00 wib link    link tele    timnasday timnasindonesia kitagaruda   ,neutral
timnas indonesia vs bahrain adalah peandingan ke 50 coach shin tae yong bersama timnas indonesia  semoga menjadi kemenangan sekaligus menjaga asa lolos ke putaran final piala dunia 2026  shintaeyong coach timnasday ,positive
infokan link streaming timnas indonesia vs bahrain,neutral
 ft      bahrain 0 1 indonesia    timnasday ,positive
timnasday  sobatrupiah malam nanti timnas indonesia melakoni laga penting vs bahrain dalam lanjutan kualifikasi piala dunia 2026  yuk berikan semangat  amp  dukungan penuh  gak lupa semangat juga diberikan untuk sobat yg siap berimakna di bidcc 2024   ,positive
peandingan putaran ketiga antara timnas garuda indonesia vs bahrain linklive  bahrain kevin diks sma 70 timnasday ,positive
ht  bahrain 1   1 indonesia   marhoon   ragnar oratmangoen komentar babak peama coach online  timnasday,neutral
live afc asian qualifiers 2026 kualifikasi piala dunia 2026 indonesia vs bahrain kick of   23 00 wib streaming   telegram  timnasday timnas indonesia sty paes arhan asianqualifiers struick argentina messi jepang ,positive
ft  bahrain vs indonesia 2 2 sayang sekali kemenangan yg ada didepan mata hilang  timnasindonesia timnas ,positive
 link streaming timnas day    indonesia vs bahrain 1    2    jam 11 hokky seminggu vision timnasday ,neutral
keputusan keputusan wasit yang memimpin laga bahrain vs indonesia banyak merugikan kubu timnas  latar belakang wasit bernama ahmed al kaf tersebut yg ditunjuk sebagai pengadil lapangan juga patut dipeanyakan        sebuah utas  ,positive
momen peama kali nonton timnas di gbk tribun atas    laga pembuka piala asia 2007 sugbk indonesia vs bahrain 2 1 gol   budi sudarsono bambang pamungkas timnasday ,neutral
bismillah optimis timnas indonesia menang    yuk bantu doa dan dukung untuk timnas indonesia vs bahrain source video  timnasday ,positive
timnas indonesia vs bahrain timnasday timnasindonesia bahrain vs timnas indonesia live streaming    hd link 1 gt  gt   hd link 2 gt  gt   please retweet if you want to watch the games ,neutral
head to head bahrain vs indonesia malam ini  indonesia pernah menang 2 1 atas bahrain pada 2007 berkat gol budi sudarsono dan bambang pamungkas  hormat kepada legenda dukung timnas indonesia berjuang malam ini     ,positive
wasit bahrain vs indonesia kontroversial manajer timnas dikau merah ,positive
siapa nih yang udah siap siap nobar kualifikasi piala dunia timnas indonesia vs bahrain sobattri    ,positive
info nobar timnas indonesia vs bahrain   jakaa atau tangsel,neutral
peandingan bahrain vs timnas indonesia di kualifikasi piala dunia 2026 hari ini kamis  10 10  mulai pukul 23 00 wib  laga ketiga grup c ini berlangsung di stadion nasional bahrain riffa  23 01 pelanggaran peama dilakukan oleh pemain bahrain kepada malik risaldi  kepala ,neutral
 good luck boys  ,positive
bahrain sleeping  link streaming timnas day    indonesia vs bahrain      ragnar rcti wasit paes vision tv timnasday ,neutral
profil ahmed al kaf wasit curang yang pimpin laga bahrain vs timnas indonesia ,positive
kemenangan indonesia buyar di kandang bahrain akibat wasit ahmed al kaf kelamaan meniup peluit panjang  asianqualifiers timnasindonesia timnasday,positive
silakan tulis prediksi skor kemenangan timnas indonesia    vs bahrain    di reply bawah  ada pulsa 100rb untuk 4 akun yg prediksinya betul  ga usah mention atau follow siapapun cukup kasih tagar tebakskormw  amp  timnasday pemenang diacak rasah protes  ,neutral
instagram ahmed al kaf wasit pengadil timnas indonesia vs bahrain lenyap seketika di repo warganet  ,negative
indonesia s match against bahrain disappointing bahrain 2 2 indonesia timnasday injury time 6 minutes referee ahmed abu bakar said al kaf  oman  continues for almost 10 minutes in the match extra time can be increased by the referee but not decreased  but is the 4 ,positive
   bahrain 2   2   indonesia    gol telat mohamed marhoon menggagalkan kemenangan peama tim tamu dan kedua belah pihak berbagi poin   asianqualifiers   bhrvidn timnasday ,neutral
jordi amat sangat kecewa dengan hasil imbang timnas indonesia di markas bahrain  skuad garuda kini membidik tiga poin melawan china  ,positive
  timnasday timnas timnasindonesia keren kecuali neh wasit bahrain vs indonesia sape neh namanye si memet eeh ahmed al kaf ,positive
ketum pssi erick thohir menyadari protes tidak akan mengubah hasil peandingan bahrain vs timnas indonesia  tapi indonesia harus berani bersuara  ,negative
live afc asian qualifiers 2026 kualifikasi piala dunia 2026 indonesia vs bahrain sta  23 00 wib link streaming  click link bio profil timnasday timnas indonesia sty paes arhan asianqualifiers struick argentina messi jepang ,neutral
kekesalan netizen ke wasit ahmed al kaf pimpin laga bahrain kontra timnas indonesia seret nama abu jahal hingga dajjal  wasit ahmed al kaf berasal dari oman memimpin laga bahrain vs timnas indonesia mendapat sorotan dunia buntut memberikan kontroversi  ,positive
highlights 90 6 99 timnasday bahrain wasit vs timnas indonesia  ragnar oratmangoen rafael struick ,positive
presiden jokowi menanggapi hasil peandingan bahrain vs timnas indonesia  ya kalau boleh dibilang ya gondok banget ujar jokowi  ,negative
kondisi maaen paes jelang laga timnas indonesia   vs bahrain   di babak ketiga kualifikasi piala dunia 2026 kiper timnas indonesia maaen paes masih dinantikan untuk bisa kembali memperkuat timnas setelah mengalami cedera  sebelumnya maaen paes sempat mengalami cedera ,negative
   vs    kick off   23 00 link 1    link 2    timnasindonesia timnas timnasday,neutral
timnas indonesia gagal meraih kemenangan saat menghadapi bahrain di kualifikasi piala dunia 2026  garuda ditahan imbang 2 2 dalam drama gol menit akhir   gt  gt   timnasindonesia timnasday wcq2026 detikcom ,positive
link siaran langsung kualifikasi piala dunia 2026 bahrain vs timnas indonesia 23 00 wib link    link tele    timnasday timnasindonesia kitagaruda   ,neutral
yang mau streaming timnas nihh brouww ,positive
    garuda calling shin tae yong sty  amp  timnasindonesia masih nunggu verdonk  amp  paes gabung 27 pemain di bahrain afc asianqualifiers    bahrain vs indonesia 10 10 2024   23 00 wib kitagaruda timnasday timnas garudamendunia ,neutral
pukul 23 00 wib nanti timnas indonesia vs bahrain di round ke 3 kualifikasi piala dunia  gimana prediksi mu hun  win gak ya  atau akun mu aja yg win gimana hun  ,neutral
tebak skore bahrain vs indonesia hadiah dana pulsa 50k cth   bahrain 1 2 indonesia timnasjaya tebaknya di group tele kami yak di    oh iya ada saldo free shopeepay di    timnas timnasday giveaway tebakskor ,neutral
 link streaming timnas day    indonesia vs bahrain  info arhan nikmir paes timnasday ,neutral
teringat kurang lebih 15 tahun yang lalu saat malaysia vs indonesia di stadion bukit jalil supoer menggunakan laser ke penjaga gawang markus horison  semoga timnas indonesia tetap fokus jangan sampai terpancing emosi raih 3 poin di kandang bahrain    timnasday ,negative
detik detik shin tae yong geram hingga tolak salaman panitia peandingan bahrain vs timnas indonesia katanya     kecewa dengan kepemimpinan wasit ahmed al kaf saat jadi pengadil bahrain vs timnas indonesia shin tae yong tolak jabatan tangan panitia  ,neutral
      timnasday thanks to timnas garudamendunia timnasindonesia cool kecuali neh wasit bahrain vs indonesia sape neh namanye si memet eeh ahmed al kaf ,positive
coach shin tae yong ditemani oleh calvin verdonk di konferensi pers jelang laga timnas bahrain vs timnas indonesia besok  ,positive
omar al ali wasit yang pimpin laga timnas indonesia vs china ternyata pernah  bantu  bahrain kalahkan australia  timnas indonesia harus waspada terhadap kepemimpinan wasit omar al ali yang akan beugas dalam peandingan menghadapi china pada selasa  ,positive
persiapan nonton timnas senior qualified world cup indonesia vs bahrain jadwal main  23 00 wib tanggal hari  10 oktober kamis yuk ramein info tebak skor  indo 3 2 bahrain,neutral
 timnas indonesia vs bahrain live     gt  gt  world championship   indo vs bahrain    streaming online link 1    lien 2   timnas  gt  gt  please retweet ,neutral
timnas indonesia gagal meraih kemenangan saat menghadapi bahrain di kualifikasi piala dunia 2026  garuda ditahan imbang 2 2 dalam drama gol menit akhir  ,positive
skor 2 1 untuk kemenangan indonesia sudah hampir didapatkan  namun kemenangan itu buyar setelah bahrain mampu menyamakan kedudukan pada menit menit akhir laga  90 9   melalui gol kedua marhoon  timnasday timnas marhoon alkaf ,positive
ht  bahrain vs indonesia  1 1  indonesia terbilang main jelek  tapi pas samakan kedudukan  indonesia lebih cair main nya   ngk tau kenapa timnas main terburu buru dan cepat panik  mungkin banyaknya perubahan posisi dan ada pemain baru   go go timnas menang   timnasday,neutral
 ini catatan kontroversial ahmed al kaf ,negative
afc terus kena ejek netizen usai laga krusial bahrain vs timnas indonesia ,negative
hasil bahrain vs timnas indonesia skor 2 2  petaka ujung laga  ,negative
peringkat fifa timnas indonesia gagal meroket usai ditahan imbang bahrain  jika menang skuad garuda bisa menduduki ranking     kontoversi wasit di laga indonesia vs bahrain buat timnas indonesia gagal naik peringkat fifa  padahal jika menang timnas  ,negative
hilgers debut amat back in the squad malik s first sta  this team oozes balance and transition something indonesia can exceedingly exploit against bahrain,neutral
bahrain terapin pressing ketat sejak indonesia masih pegang bola di daerah sendiri  alhasil indonesia masih susah atur serangan dan muncullah beberapa kali long ball sebagai upaya melancarkan serangan yang sejauh ini belum efektif  timnasday,positive
resmi   jay idzes kapten vs bahrain     jay idzes akan kembali mengemban ban kapten timnas indonesia malam nanti melawan bahrain  ini untuk kali ketiga jay menjadi kapten sepakat buat permanen pers  ,neutral
fakta menarik indonesia vs bahrain  timnas indonesia akan menghadapi bahrain dalam lanjutan putaran ketiga kualifikasi piala dunia 2026 zona asia kamis  10 10 2024   faktanya tim garuda mengalahkan bahrain di piala asia 2007 yang berlangsung di gbk jakaa  ,positive
timnas day      bahrain    vs    indonesia   kamis 10 oktober 2024    kick off pkl 23 00 wib   live rcti  amp  vision     bahrain national stadium timnasindonesia timnasday ,positive
pssi resmi kirim surat protes ulah wasit timnas indonesia vs bahrain ke fifa ,neutral
penambahan caps timnas indonesia pasca babak kedua vs bahrain 47   witan sulaeman 42   rizky ridho 29   marselino ferdinan 08   nathan tjoe a on 01   eliano reijnders,neutral
 menyala el klemer ,positive
bahrain vs timnas apapun hasilnya menang atau kalah harus di apresiasi dan tetap didukung  indonesia memang bukan bangsa pencaci maki dan berhak mendapatkan pemimpin yg kapabilitas n etikabilitasnya baik dan mumpuni  bravo timnasday   1 3   ,positive
ketum pssi erick thohir menyadari protes tidak akan mengubah hasil peandingan bahrain vs timnas indonesia  tapi indonesia harus berani bersuara  ,negative
hasil bahrain vs timnas indonesia  wasit jadi sorotan tim garuda main imbang 2 2 ,neutral
silahkan link nonton timnas indonesia vs bahrain dukung king indo timnasindonesia timnasday ,neutral
    timnasday garuda calling shin tae yong sty  amp  bang jay mess hilgers eliano maeen paes udh gabung dg 27 pemain timnasindonesia in bahrain afc asianqualifiers    bahrain vs indonesia 10 10 2024   23 00 wib kitagaruda kingindo timnas garudamendunia let s ,neutral
hasil peandingan bahrain 2  2  timnas indonesia timnasindonesia   timnasday ,positive
ht  bahrain 1 1 indonesia indonesia dikejutkan dengan gol freekick keren bahrain namun kita juga tidak bisa lepas dari pressing man to man bahrain sejak dalam fase build up akhirnya memaksa kita untuk longball setelah gol ragnar kita sedikit mendapatkan angin dan bergairah,positive
 rafael struick bawa garuda berbalik unggul 2 1 ,positive
pelatih timnas indonesia shin tae yong meluapkan kekecewaannya terhadap kepemimpinan wasit ahmed al kaf di laga bahrain vs indonesia  sty mengatakan sejumlah keputusan al kaf memalukan  ,positive
ft  bahrain 2 2 indonesia  mohamed marhoon  15   mohamed marhoon  menit haram   ragnar oratmangoen  45 3   rafael struick  74   timnasday,positive
hasil bahrain vs timnas indonesia 2 2 gol menit akhir buyarkan kemenangan garuda ,positive
ft bahrain 2   2 indonesia timnasday wasit lawak sdh oveime pelanggaran di kotak pinalti di akhir2 waktu,neutral
profil ahmed al kaf wasit kontroversial bahrain vs timnas indonesia ,positive
27 pemain timnas indonesia vs bahrain dan china malik risaldi jordi masuk  ,neutral
el klemer bawa indonesia unggul  bahrain 1   2 indonesia what a goal by rafael struick timnasindonesia timnas timnasday,positive
 media belanda beritakan laga kontroversial timnas indonesia vs bahrain  tambahan waktu 6 menit kok jadi 9 ,positive
daftar susunan pemain timnas indonesia lawan bahrain  mees hilgers langsung staer eliano reijnders cadangan ,positive
   bahrain 1   3 indonesia    timnasday kualifikasipialadunia2026zonaasia,positive
jadwal timnas indonesia di kualifikasi piala dunia 2026  laga keempat vs cina erick thohir minta pemain fokus dan lupakan kontroversi di laga bahrain  tempobola,negative
 skuad garuda gagal menang usai skor imbang 2 2 ,positive
tutorial nonton livestreaming indonesia vs baharain 1 ketik dan buka yandex di google 2 ketik yallasoot 3 pilih dan klik match indo dan bahrain lalu streming kalau ga mau ribet klik link di bawah  timnasindonesia timnas timnasday ,neutral
pelatih timnas indonesia shin tae yong  sty  meluapkan kekecewaan soal kepemimpinan wasit ahmed al kaf saat laga melawan bahrain dalam kualifikasi piala dunia 2026 zona asia   lt  shintaeyong timnasindonesia wasit ,negative
link nonton gratis bahrain vs indonesia 10 10 2024 23 00 wib  follow like bahrain timnasday indonesia timnas ,neutral
dakwaan malaysia tidak siarkan perlawanan ini adalah tidak benar  semoga indonesia memperoleh kemenangan    follow  untuk dapatkan kemas kini timnas indonesia  aikel penuh  ,positive
pemain bahrain lupa acting cedera ya    tadi sedikit bersentuhan saja langsung terkapar lek    87    bahrain 1 2 indonesia timnasindonesia timnasday,negative
wasit yang memimpin laga bahrain vs indonesia ahmed al kaf menuai kontroversi  dia membiarkan laga berjalan melewati injury time sampai bahrain mencetak gol penyeimbang  ,positive
bahrain 1   0 indonesia si paes sampe kaget liat tembakannya ayoo king indo bales gol nyaa bisaaa bisaa bisaaa  timnasday,neutral
 rafael struick man of the match timnas indonesia vs bahrain ,positive
 ini catatan kontroversial wasit ahmed al kaf ,negative
live streaming gratis no iklan prepare dari sekarang    indonesia vs    bahrain round ke 3 piala dunia    link server 1      link server 2   alternatif     lets goo timnas  nobar timnas bahrain timnasday ,neutral
pak erick supoer hari ini masih banyak yg belum terima kekalahan kemarin vs bahrain  yok pak erick kasih semangat supoer timnas indonesia dengan salaman sama kevin diks ,positive
live bahrain indonesia    bahrain vs timnas indonesia live streaming    link 1 gt  gt   hd      2 gt  gt   alternatif    please retweet if you want to watch the games ,positive
 link streaming timnas day    indonesia vs bahrain  struick hakim plan c timnasday ,neutral
 rafael struick bawa garuda berbalik unggul 2 1 ,positive
semoga tidak ada tv yang dibanting gara gara menonton peandingan indonesia vs bahrain terutama di menit menit akhir berapa kali timnas dipecundangi oleh wasit internasional bagi saya ini merupakan tanda  bahwa indonesia saat ini dianggap sebagai negara pecundang oleh dunia,positive
ranking fifa timnas jika menang vs bahrain  bisa naik berapa  ,neutral
profil ahmed al kaf wasit laga bahrain vs timnas indonesia yang disebut shin tae yong memalukan  via ,negative
peluang peluang indonesia tercipta dari eksploitasi di area sayap  ditambah pergerakan dinamis antara ragnar rafael dan malik beberapa kali membuat struktur peahanan bahrain keropos  butuh sirkulasi bola yang lebih cepat di area sepeiga akhir untuk menciptakan ruang,neutral
bahrain vs timnas indonesia  pssi minta jatah 2 000 tiket untuk supoer indonesia ,neutral
babak peama bahrain vs indonesia imbang ragnar balas gol marhoon  timnasday,neutral
jadwal live di tv kualifikasi piala dunia 2026 zona asia kamis 10 okt 2024 timnas indonesia vs bahrain  jam 23 00 wib  semangat buat carvin verdonk dan kawan kawan semoga poin 3  timnasday ,positive
47  gollll    ragnar   bahrain 1 1 indonesia  bisaa   timnasindonesia timnasday,positive
 rafael struick bawa garuda berbalik unggul 2 1 ,positive
 ditunggu debutnya el nyengir ,positive
 ini catatan kontroversial wasit ahmed al kaf ,negative
 ini catatan kontroversial wasit ahmed al kaf ,negative
ht  bahrain vs indonesia 1 1  gol  marhoon  15   ragnar  45 3   timnasday ,neutral
  rafael struick man of the match timnas indonesia vs bahrain ,positive
statistik malik risaldi  layak masuk line up bahrain vs timnas ,neutral
 rafael struick bawa garuda berbalik unggul 2 1 ,positive
rekor peemuan timnas indonesia vs bahrain  nyaris setara tapi     update,neutral
top 3 bola  bahrain didenda rp182 juta ungkapan kekesalan maaen paes hingga bisakah hasil laga timnas indonesia vs bahrain diubah   inilah top tiga berita bola seputar kontroversi laga timnas indonesia vs bahrain di  simak  ,neutral
 rafael struick bawa garuda berbalik unggul 2 1 ,positive
 coach justin sudah prediksi wasit ahmed al kaf bakal beindak  licik  di laga bahrain vs timnas indonesia ,positive
 staing line up timnas indonesia untuk vs bahrain sbntr lg  perkiraan sy utk 3 cb benar  jay mees jordi  nggak percuma mengamati timnas sejak 1970an   semoga indonesia menang                                    ,positive
     panggilan skuat timnas indonesia agenda fifa matchday oktober 2024  md3  amp  md4 grup c kualifikasi r3 piala dunia 2026 zona asia  10 oktober 2024   23 00 wib   bahrain  76  vs  129    indonesia   bahrain national stadium   riffa 15 oktober 2024   19 00 wib,neutral
media china ulas laga bahrain vs timnas indonesia  kalau tidak dicurangi skuad garuda harusnya menang  ,positive
 yakin indonesia menang ,positive
soal laga timnas indonesia vs bahrain presiden jokowi  ya kalau boleh dibilang gondok banget  soal laga timnas indonesia vs bahrain pada kamis  10 10 2024  presiden jokowi mengungkapkan kejengkelannya   ,negative
 ini catatan kontroversial wasit ahmed al kaf ,negative
 ini catatan kontroversial ahmed al kaf ,negative
meski kalah dalam urusan ranking fifa indonesia boleh berbangga karena skuadnya dihuni beberapa pemain dengan market value tinggi yang mencapai total  24 53 juta     ,neutral
sepanjang babak kedua nggak ada insiden signifikan yang menghentikan permainan kecuali perayaan gol kedua kita  biasanya tambahan waktu dihitung berdasarkan jeda yang terjadi sepei cedera atau pergantian pemain  ,neutral
sejak awal pemilihan wasit ahmed al kaf dan jajarannya sudah disorot karena berasal dari oman dan kuwait yang notabene masih satu federasi dengan bahrain  timnas indonesia pun dirugikan       timnasday ,positive
presiden jokowi mengaku kesal dengan wasit yang memimpin laga timnas indonesia vs bahrain pada laga putaran tiga kualifikasi piala dunia 2026 kamis  10 10   jokowi mengaku gondok dengan kepemimpinan wasit ahmed al kaf  idntimesspo  ,negative
 shin tae yong ogah jabat tangan dengan media officer bahrain  ,neutral
bahrain 1   1 indonesia  ht  ayo lebih fokus babak kedua kurangi sentuhan ke pemain bahrain timnasday,neutral
fifa bisa ubah hasil laga bahrain vs timnas indonesia usai wasit ahmed al kaf berikan tambahan waktu dari 6 ke 9 menit ,positive
pssi kecewa dengan keputusan wasit ahmed al kaf dalam peandingan timnas indonesia vs bahrain ,negative
putaran ketiga indonesia vs bahrain yang di tunggu tunggu live  merah putih king indo kevin diks timnas indonesia timnasday garudamendunia ,neutral
    garuda calling shin tae yong sty  amp  timnasindonesia 27 pemain di bahrain afc asianqualifiers    bahrain vs indonesia 10 10 2024   23 00 wib kitagaruda timnasday timnas garudamendunia jay idzes bang jay we believe to win the match ,neutral
 yakin indonesia menang ,positive
fifa angkat suara atas gol telat bahrain ke gawang timnas indonesia  laga bahrain vs timnas indonesia berakhir dengan skor 2 2 di stadion nasional bahrain riffa kamis  10 10 2024    ,neutral
garuda bahrain sudah mempersiapkan dukungan maksimal untuk timnas indonesia saat dijamu timnas bahrain  bendera merah putih 10 meter akan terbentang di stadion  ,positive
ht  bahrain 1   1 indonesia possession oke lah 52    48  tapi satu satunya shot on goal indonesia lgsg jadi gol xixixii timnasindonesia timnasday,neutral
kemenangan perdana timnas indonesia di laga ketiga kualifikasi piala dunia 2026 zona asia grup c melawan bahrain harus pupus akibat keputusan wasit ahmed al kaf dari oman  ,positive
laga timnas indonesia vs bahrain bakal dipimpin wasit tetangga sang rival garuda pssi tegaskan siap lakukan hal ini jika ada kecurangan  ketua badan tim nasional  btn  sumardji menegaskan pssi sudah menyiapkan antisipasi jika timnas indonesia menerima  ,neutral
 rafael struick bawa garuda berbalik unggul 2 1 ,positive
  rafael struick bawa garuda berbalik unggul 2 1 ,positive
pressing atas bahrain ternyata efektif bikin indonesia kerepotan build up dari bawah  progresi bola ke haye atau jenner jadi kurang lancar  ditambah lagi defense bahrain yang numpuk pemainnya di tengah bikin indonesia jadi dalam posisi kalah jumlah di middle third ,neutral
sehabis peandingan timnas indonesia vs bahrain kamis 10 oktober 2024 dihari jumat dia dengan senang hati posting ngono kuwi ,positive
kabar buruk  jordi amat cedera usai laga timnas indonesia vs bahrain ,negative
usai kontroversi bahrain media amerika serikat prediksi peandingan timnas indonesia vs china bakal beri hasil mengejutkan  media amerika serikat berkomentar soal peandingan babak kualifikasi piala dunia 2026 antara timnas indonesia melawan bahrain  ,negative
bahrain 1   1 indonesia r  orarmangoen  45 3 timnasday,positive
timnas indonesia vs bahrain bermain imbamg 2 2 saya tetap bangga dengan timnas   bravo timnas fakta bahwa timnas indonesia sulit dikalahkan  beberapa keputusan wasit kontroversial yang cendrung merugikan timnas ,positive
timnas indonesia membalikkan kedudukan atas bahrain di babak kedua laga kualifikasi piala dunia 2026  gol dicetak rafael struijk  ,negative
live streaming gratis no iklan prepare dari sekarang 30 menitan lagi    indonesia vs    bahrain round ke 3 piala dunia    link server 1      link server 2   alternatif     lets goo timnas  nobar timnas bahrain timnasday ,neutral
timnas bahrain dan timnas indonesia akan berduel dalam lanjutan kualifikasi piala dunia 2026  kedua tim cukup sering clean sheet  ,positive
 coach justin sudah prediksi wasit ahmed al kaf bakal beindak  licik  di laga bahrain vs timnas indonesia ,positive
ht  bahrain 1 1 indonesia  mohamed marhoon  15    ragnar oratmangoen  45 2   ayo comeback garudaaa    timnasday,neutral
man of the match bahrain vs timnas indonesia  rafael struick pecah telur di level senior  ,positive
bahrain down to 10 men  reijnders and hilgers goals  indonesia win 3 1,neutral
ht  bahrain 1 1 indonesia jujur permainan indonesia masih belum cukup baik karena high press dari bahrain alhasil indonesia selalu bermain long ball dari belakang dan itu kurang efektif  setelah goal freekick bahrain bahrain mengulur waktu dengan senggol dikit jatuh asw,positive
bahrain vs timnas indonesia imbang 2 2 garuda batal menang  tempofoto,positive
bahrain vs timnas indonesia bang jay jay idzes jadi kapten garuda ini alasannya ,positive
lokasi nobar timnas indonesia vs bahrain kualifikasi piala dunia di tangsel nih gaes   timnas timnasindonesia timnasday kevin diks king indo rossi calvin verdonk sandra dewi prabowo subianto umur 20 gojek plus,neutral
imbang vs bahrain timnas indonesia naik peringkat fifa setelah negara ini keok di kualifikasi piala afrika 2025 ,neutral
mees hilgers dan eliano reijnders langsung staer di laga timnas indonesia vs bahrain  tangan kanan erick thohir beri penjelasan bijak  anggota exco pssi arya sinulingga mengomentari soal peluang mees hilgers dan eliano reijnders turun sebagai staer  ,neutral
 shayne pattynama ngamuk usai timnas indonesia vs bahrain buntut wasit kontroversial ,positive
goll 5    rafaellll struickkkk gilaaa bahrain 0 1 indonesia timnasday,positive
gawat  ini penyebab jordi amat ditarik keluar di laga timnas indonesia vs bahrain berpotensi absen lawan china ,negative
 skuad garuda gagal menang usai skor imbang 2 2 ,positive
calvin verdonk dan maaen paes dipastikan tampil ini prediksi staing line up timnas indonesia vs bahrain  timnas indonesia akan melanjutkan perjuangan dengan menghadapi bahrain dalam putaran ketiga kualifikasi piala dunia 2026 zona asia   ,positive
timnas indonesia gagal meraih kemenangan saat menghadapi bahrain di kualifikasi piala dunia 2026  garuda ditahan imbang 2 2 dalam drama gol menit akhir  ,positive
 media belanda beritakan laga kontroversial timnas indonesia vs bahrain  tambahan waktu 6 menit kok jadi 9 ,positive
 ini catatan kontroversial ahmed al kaf ,negative
goallllllll  89 madannnnnnn melalui skema sepakan pojok wasit tidak menganggap pelanggaran meskipun pemain indonesia dan sty melayangkan protes keras setelah paes di langgar  bahrain 2 3 indonesia ayo indonesia beahannnn,positive
 yakin indonesia menang ,positive
jadwal timnas indonesia vs bahrain di kualifikasi piala dunia 2026  ,positive
timnas indonesia membalikkan kedudukan atas bahrain di babak kedua laga kualifikasi piala dunia 2026  gol dicetak rafael struick  ,negative
betapa malunya bahrain sampai media belanda cium gelagat tak beres dari hasil duel timnas indonesia blak blakan bilang gol 90 9 mereka itu sebenarnya     hasil duel timnas indonesia vs bahrain menimbulkan kontroversi gara gara keputusan wasit ahmed al  ,positive
tapi saat bahrain on possession lini tengah indo sering kecolongan  pressing indo kurang efektif bahkan kadang terlihat ragu untuk pressing  tackle indo juga kurang bersih membuat bahrain punya banyak peluang set piece  beberapa diantaranya bahkan jadi gol ,neutral
ht   bahrain 1 1 indonesia orang bahrain wak haji ragnar oratmangoen timnasday,negative
penyebab shin tae yong jadikan malik risaldi staer di laga timnas indonesia vs bahrain ,neutral
 shayne pattynama ngamuk usai timnas indonesia vs bahrain buntut wasit kontroversial ,positive
shin tae yong    100 persen dia  paes  akan bermain pada laga besok  dengan tersedianya maaen paes berikut adalah prediksi sebelas utama timnas indonesia vs bahrain versi luar lapangan  timnasday ,positive
 media belanda beritakan laga kontroversial timnas indonesia vs bahrain  tambahan waktu 6 menit kok jadi 9 ,positive
 yakin indonesia menang ,positive
pelatih timnas indonesia shin tae yong diprediksi akan menurunkan dua pemain baru yakni mees hilgers dan eliano reijnders saat melawan bahrain   n timnasindonesia shintaeyong prediksipemain meeshilgers elianoreijnders ,positive
timnas indonesia tak menjadi unggulan saat melawan timnas bahrain di kualifikasi piala dunia 2026  garuda tak menjadi unggulan laga berpotensi selesai seri  ,positive
 good luck boys  ,positive
 media belanda beritakan laga kontroversial timnas indonesia vs bahrain  tambahan waktu 6 menit kok jadi 9 ,positive
shin tae yong  kepemimpinan wasit laga bahrain vs indonesia sangat memalukan  timnasday timnasindonesia timnas kitagaruda,negative
 rafael struick man of the match timnas indonesia vs bahrain ,positive
 coach justin sudah prediksi wasit ahmed al kaf bakal beindak  licik  di laga bahrain vs timnas indonesia ,positive
 jangan sampai kelewatan  ,negative
wasit ahmed al kaf rampok kemenangan timnas indonesia dari bahrain  kumparanbola bola text bigmatch ,negative
  ft     bahrain 0 1 indonesia    timnasday,positive
 link live streaming timnas indonesia vs bahrain di kualifikasi piala dunia 2026 zona asia malam ini ,neutral
jadwal peandingan bahrain vs timnas indonesia kualifikasi piala dunia 2026 ,positive
ragnar oratmangoen cetak gol skor 1 1 di babak peama timnasday ,neutral
 ini catatan kontroversial ahmed al kaf ,negative
prediksi staing xi timnas indo vs bahrain  paes rizky ridho jay hilgers asnawi jordi ivar haye witan ragnar struick,negative
pssi beri peringatan tegas soal laga kontra timnas indonesia vs bahrain akan dipimpin wasit  kontroversial   pasti akan kami lakukan     manajer timnas indonesia sumardji akan peringatkan fifa soal laga kontra indonesia vs bahrain bakal dipimpin wasit  ,neutral
jadwal live streaming timnas indonesia vs bahrain ,positive
 media belanda beritakan laga kontroversial timnas indonesia vs bahrain  tambahan waktu 6 menit kok jadi 9 ,positive
hasil bahrain vs timnas indonesia  gol haram bahrain paksa laga imbang 2 2  lewat ,neutral
 shayne pattynama ngamuk usai timnas indonesia vs bahrain buntut wasit kontroversial ,positive
indonesia vs bahrain  ini jadwal lengkap laga timnas indonesia di oktober 2024  tempobola,neutral
kebobolan gess bahrain 1 0 indonesia,positive
 good luck boys  ,positive
maaen paes sempat mengalami cedera jelang membela timnas indonesia  begini kondisi terkini kiper garuda jelang melawan bahrain  ,positive
jelang bahrain vs timnas indonesia erick jelaskan kondisi terkini paes ,neutral
 timnas indonesia vs bahrain berakhir imbang garuda kebobolan menit akhir ,positive
full naturalisasi  ini potensi susunan pemain timnas indonesia vs bahrain di kualifikasi piala dunia 2026  mees hilgers dan eliano reijnders debut   timnas indonesia akan melanjutkan perjuangannya pada matchday ketiga grup c putaran ketiga kualifikasi  ,neutral
  cara nonton live streaming timnas indonesia vs bahrain di vision  malam ini ,neutral
tebak skor  indonesia vs bahrain 2 1 timnasday,neutral
staing line up timnas indonesia vs bahrain  kick off 23 00 wib  ,neutral
jadwal timnas indonesia vs bahrain hari ini shin tae yong minta pemainnya fokus pada permainan sendiri  tempobola,positive
jelang timnas indonesia vs bahrain mees hilgers dengan bangga kibarkan bendera merah putih usai bawa fc twente sakiti mantan klub thom haye  calon pemain naturalisasi timnas indonesia mees hilgers dengan bangga mengibarkan bendera merah putih usai  ,positive
peandingan timnas indonesia vs bahrain dalam ajang kualifikasi piala dunia 2026 zona asia menjadi sorotan seluruh pecinta sepak bola di tanah air bahkan sampai diliput oleh berbagai media dari luar  ,negative
jelang timnas indonesia vs bahrain pelatih almere city lempar pujian kepada thom haye ,positive
timnas indonesia vs bahrain garuda tak akan berjuang sendirian  ,positive
ht  bahrain 1 1 indonesia ayo jangan sampai buat bahrain memimpin kaya babak peama  atau kita akan liat bahrain golek golek di lapangan sampai menit 90  admin  bilangin ke sty kalo bahrain itu mainnya golek2  jangan biarkan unggul kaya tadi  timnasindonesia,neutral
media vietnam soroti laga timnas indonesia vs bahrain dipimpin wasit kontroversial asal oman peringatkan skuad garuda agar tak jadi korban selanjutnya  media vietnam soha menyoroti terkait wasit asal oman yang akan memimpin laga timnas indonesia  ,positive
live afc asian qualifiers 2026 kualifikasi piala dunia 2026 indonesia vs bahrain jam  23 00 wib link streaming      timnasday timnas indonesia sty paes arhan asianqualifiers struick argentina messi jepang ,neutral
 head to head timnas indonesia vs bahrain menjelang kualifikasi piala dunia 2026 ,positive
 49 negara siarkan laga timnas indonesia vs bahrain di kualifikasi piala duni 2026 ini daftarnya ,negative
sho build up timnas direspon bahrain dengan man to man bahkan sampai 6 orang di depan  ini paksa paes untuk long ball sayang di depan kualitas aerial duel hold up play maupun 2nd ball nya masih kurang jadi mudah buat def bahrain untuk antisipasi,negative
 ragnar oratmangoen cetak gol skor 1 1 di babak peama ,neutral
 jadwal dan link live streaming timnas indonesia vs bahrain di kualifikasi piala dunia 2026 zona asia ,positive
nilai skuad timnas indonesia vs bahrain  bak langit  amp  bumi ,positive
 bahrain 1 1 indonesia   ali madan malik risaldi  timnasday,positive
jadwal timnas indonesia vs bahrain  maaen paes tiba skuad shin tae yong sudah lengkap  tempobola,positive
reaksi netizen indonesia usai timnas  dirampok  wasit vs bahrain  matematika sederhana 90   6   96 bukan 99 ,neutral
jadwal bahrain vs timnas indonesia di kualifikasi piala dunia 2026 zona asia live di rcti dan gtv  ,positive
 terima kasih atas perjuangannya,positive
buat kamu yang bingung kapan timnas indonesia vs bahrain beanding  kamu bisa cari tahu di aikel ini  ,neutral
prediksi susunan pemain timnas indonesia vs bahrain dan cina setelah mees hilgers dan eliano reijnders bergabung  tempobola,positive
 setelah sekian lama fakum mendukung timnas akhirnya raga ini kembali bergairah melihat timnas indonesia main imbang vs bahrain emg sgt mengecewakan tp itu sgt amat w syukuri  ingat bbrp thn lalu kita apa kepikiran timnas smpe saat ini  jujur w bangga  amp  terharu dgn timnas ,positive
jelang timnas indonesia vs bahrain pssi minta jatah 2 000 tiket untuk fans garuda ,neutral
 ini beneran tim asean yg gak pernah juara aff ini nargetin menang home away vs china dan bahrain   ini beneran timnas indonesia bukan sih  jagoo benerr,positive
 link streaming timnas day    indonesia vs bahrain  jay arhan australia kaget timnasday ,neutral
 ini catatan kontroversial wasit ahmed al kaf ,negative
prediksi staing eleven pemain timnas indonesia vs bahrain  peluang debut mees hilgers dan eliano reijnders ,neutral
nonton live streaming prepare dari sekarang timnas indonesia vs bahrain  nonton gratis tanpa iklan  klik link di bawah buat nobar    link server 1      link server 2   timnasindonesia pialadunia timnasday bahrain ,neutral
 good luck boys  ,positive
timnas indonesia vs bahrain momentum skuad garuda bangkit dari bayang bayang pembantaian 10 0 di kualifikasi piala dunia  timnas indonesia masih menyimpan kenangan kelam jelang hadapi bahrain dalam lanjutan kualifikasi piala dunia 2026 di mana skuad  ,positive
timnas indonesia vs bahrain  laga ke 50 shin tae yong bersama skuad garuda ini rekornya ,positive
adu perang kreasi lini tengah bahrain vs timnas indonesia  ali haram berhadapan dengan duet thom haye dan ivar jenner ,positive
timnas indonesia vs bahrain  curi sta the reds gelar latihan lebih dulu dari garuda ,neutral
alasan timnas indonesia diyakini bisa menang vs bahrain ,positive
seluruh pemain timnas indonesia sudah berkumpul jelang melawan bahrain dalam kualifikasi piala dunia 2026  dua pemain anyar garuda mees hilgers dan eliano reijnders pun sudah ikut berlatih  ,positive
  indonesia 2 1 bahrain sama2 bermain alot saling jual beli serangan  namun tidak ada gol yg tercipta  zaar and  zaar  sma 70 timnasday,negative
jadwal timnas indonesia vs bahrain analisis strategi shin tae yong dengan kehadiran mees hilgers dan eliano reijnders  tempobola,neutral
bahrain akan menjamu timnas indonesia pada lanjutan ronde 3 kualifikasi piala dunia 2026  berikut harapan dan pesan dari aji santoso  ,positive
indonesia xi vs bahrain  maaen paes  gk  mees hilgers jordi amat jay idzes  c  calvin verdonk ivar jenner thom haye sandy walsh malik risaldi rafael struick ragnar oratmangoen timnasday,neutral
probable line up indonesia vs bahrain  3 4 2 1  paes  gk   ridho idzes hilgers  verdonk jenner haye walsh  oratmangoen witan  struick  source  tio ,neutral
staer timnas indonesia vs bahrain maeen paes  gk  mees hilgers jordi amat jay idzes  c  calvin verdonk sandy walsh thom haye ivar jenner malik risaldi rafael struick ragnar oratmangoen worldcupasianqualifiers,negative
head to head bahrain vs timnas indonesia  2 kali menang pernah dibantai 0 10 ,neutral
predicksi susunan staing line up timnas indonesia vs bahrain malam ini gimanaaa udah siapin meme jamaah jumat yang berbahagia belomm  timnasday ,neutral
media inggris beri prediksi timnas indonesia vs bahrain skuad garuda diakui performanya sangat baik  kami katakan     media inggris tiba tiba memberi prediksi laga timnas indonesia vs bahrain hingga menyebut skuad garuda sedang dalam performa yang  ,positive
 yang semangat dong yang semangat dong       bahrain 0 2 indonesia timnasday,positive
maaen paes jelang laga bahrain vs timnas indonesia  saya suka 3 poin jadi bisa main kah  ,negative
jadwal timnas indonesia vs bahrain dan china di kualifikasi piala dunia 2026  ,positive
ft  bahrain 2 2 indonesia    it s ok guys agak sus ini wasitnya hampir aja menang kita  timnasday,neutral
goooaaalllllllllllll    debut yang sangat manis dari eliano reijnder  menit  90 6 berhasil menambah keunggulan indonesia dengan melewati 3 pemain beahan bahrain sebelum melepaskan tendangan akurat  bammmmm bahrain 2 4 indonesia,positive
oh tidak saudara2  tekel terlambat dari jordi amat berbuah pinalti until bahrain di menit 80  dannnn goal berhasil di cetak al jabar  bahrain 1 3 indonesia,neutral
half time indonesia 1   1 bahrain timnasindonesia timnasday nonton live di sini   ,neutral
antusiasme netizen jelang laga bahrain vs timnas indonesia  skuadnya sudah ok banget jadi gak sabar nih semoga menang  ,positive
 witan rayakan ultah jelang timnas indonesia vs bahrain kena usil shin tae yong ,neutral
timnas indonesia penuh percaya diri untuk bisa meraih poin di markas bahrain  hal itu diungkapkan oleh pelatih shin tae yong  sepei apa  ,positive
head to head timnas indonesia vs bahrain menjelang kualifikasi piala dunia 2026 ,positive
  kick off nya jam 23 00 curiga hasilnya bahrain 2   3 indonesia ,neutral
timnas indonesia vs bahrain terbayang memori kekalahan telak 0 10 ,positive
tv malaysia tegaskan siarkan laga timnas indonesia vs bahrain skuad garuda langsung mode real madrid karena pakai jersey putih  ,neutral
jelang timnas indonesia vs bahrain  maaen paes gabung skuad garuda awal pekan depan ,neutral
timnas indonesia vs bahrain  suasana pasukan shin tae yong penuh ceria siap rebut 3 poin  ,positive
ini pesan jay idzes kepada fans garuda jelang laga timnas indonesia vs bahrain ,positive
prediksi pelatih jepang soal timnas indonesia vs bahrain di kualifikasi piala dunia 2026 kaget hajime moriyasu bilang skuad garuda     begini prediksi mengejutkan pelatih jepang soal timnas indonesia vs bahrain di kualifikasi piala dunia 2026 hajime  ,neutral
sandy walsh dan shayne pattynama dipastikan tak cedera dipanggil untuk laga timnas indonesia vs bahrain dan china  ,positive
jadwal dan link live streaming timnas indonesia vs bahrain di kualifikasi piala dunia 2026 zona asia ,positive
malam ini   kamis 10 oktober 2024 kickoff 23 00 wib world cup qualifiers bahrain    vs    timnas indonesia jangan lupa saksikan di channel rakuda   tim nasional join untuk link dan info  timnasindonesia timnasday kitagaruda indonesia bahrain ,neutral
prediksi timnas indonesia vs bahrain dan china di kualifikasi piala dunia 2026 versi sergio van dijk  rebut 3 poin di 2 laga  ,positive
head to head timnas indonesia vs bahrain garuda menang berapa kali  ini datanya ,positive
timnas indonesia vs bahrain  semangat dimas drajad usai periode sibuk  ,positive
mees hilgers dan eliano reijnders geser posisi 2 anak kesayangan shin tae yong  ini prediksi line up timnas indonesia vs bahrain  prediksi line up timnas indonesia vs bahrain menarik untuk dibahas setelah mees hilgers dan eliano reijnders akan segera  ,positive
timnas indonesia beamu ke markas bahrain dalam lanjutan kualifikasi piala dunia 2026  berikut ini jadwal peandingan indonesia vs bahrain  ,neutral
update kondisi paes  saya sudah menghubungi maaen paes  katanya lihat dalam beberapa hari ke depan kondisinya cedera ringan  lagi recovery  semoga aman ketua btn sumardji ,neutral
prediksi line up timnas indonesia vs bahrain di kualifikasi piala dunia 2026 setelah shin tae yong umumkan 27 pemain  jordi amat jadi gelandang  ,neutral
head to head timnas indonesia vs bahrain  sempat dibantai 0 10 ,neutral
pemain termahal timnas indonesia vs bahrain top mana   bisnis,neutral
timnas indonesia vs bahrain begini prediksi kapten persib ,neutral
laga timnas indonesia vs bahrain dipimpin wasit kontroversi pasukan shin tae yong tak panik ,negative
maaen paes alami cedera pergelangan tangan menjelang laga timnas indonesia vs bahrain  tempobola,neutral
timnas day indonesia vs bahrain giveaway tebak skor untuk kalian semua total hadiah satu juta rupiah untuk 10 pemenang  syarat follow retweet quote dan komentar sebanyak mungkin  suppo  zaar and  zaar  sma 70 nikmir paula ,neutral
timnas indonesia beamu ke markas bahrain dalam lanjutan kualifikasi piala dunia 2026  berikut ini jadwal peandingan indonesia vs bahrain  ,neutral
kata shin tae yong usai pssi caer pesawat untuk timnas indonesia vs bahrain dan china ,positive
prediksi line up timnas indonesia vs bahrain setelah mees hilgers dan eliano reijnders resmi jadi wni ,neutral
timnas indonesia vs bahrain  thom haye catat fakta menarik jelang laga ,positive
  ft     bahrain 0 1 indonesia timnasday,positive
shin tae yong panggil 28 pemain untuk laga timnas indonesia vs bahrain dan china di kualifikasi piala dunia 2026 diumumkan besok  ,positive
  indonesia leading 2 1 against host bahrain with 6 minutes additional time  no injury no excessive time wasting from idn ball in bahrain penalty area at almost 98th minutes but the ref didnt stop the game and voila bahrain scored at almost 98th minutes  98 40 to be precise ,neutral
indonesia akan melakoni laga tandang melawan bahrain pada lanjutan kualifikasi piala dunia 2026 zona asia di stadion nasional bahrain pada kamis  10 10  pukul 23 00 wib  ,positive
respons justin hubner setelah tak dipanggil shin tae yong untuk laga timnas indonesia vs bahrain dan china ,positive
catatan match indo vs bahrain hari ini  1  strategi sty blm pas di babak peama akhirnya ngebuang waktu 2  para pemain terutama paes main ga optimal krn cidera mungkin suhu 3  satu keteledoran wasit membuat semua kebenaran dalam memimpin laga menjadi hilang timnasday,neutral
adu mahal timnas indonesia vs bahrain di kualifikasi piala dunia 2026 skuad garuda superior ,neutral
kondisi terkini elkan baggott yang dicueki shin tae yong jelang timnas indonesia vs bahrain dan china di kualifikasi piala dunia 2026 ,positive
jadwal timnas putri indonesia vs bahrain di uji coba kedua ,positive
timnas bahrain akan melawan timnas indonesia dalam lanjutan kualifikasi piala dunia 2026 babak ketiga  berikut rekor peemuan kedua tim  ,neutral
reaksi supoer asean jelang timnas indonesia vs bahrain netizen malaysia dan vietnam kontras  dukung the reds hancurkan garuda   supoer asean mulai dari malaysia vietnam hingga kamboja memberikan rekasi jelang laga timnas indonesia vs bahrain di  ,neutral
maaen paes masuk skuad timnas indonesia vs bahrain simak statistik performa bersama fc dallas  tempobola,positive
timnas indonesia vs bahrain shin tae yong sebut skuad garuda tak alami kendala cuaca ,negative
prediksi lineup indonesia vs bahrain paes ridho amat jay asnawi verdonk haye eliano witan ragnar struik timnasday indonesia,neutral
 witan rayakan ultah jelang timnas indonesia vs bahrain kena usil shin tae yong ,neutral
  ft     bahrain 0 10 indonesia    timnasday,neutral
jadwal dan link live streaming timnas indonesia vs bahrain di kualifikasi piala dunia 2026 malam ini ,neutral
49 negara siarkan laga timnas indonesia vs bahrain di kualifikasi piala duni 2026 ini daftarnya ,negative
timnas indonesia akan berjumpa bahrain pada matchday ketiga grup c kualifikasi piala dunia 2026  update,negative
 alhamdulillah  maaen paes pulih siap kawal gawang timnas indonesia vs bahrain ,positive
shin tae yong ulang tahun sehari setelah timnas indonesia vs bahrain  ,positive
alhamdulillah  maaen paes pulih siap kawal gawang timnas indonesia vs bahrain ,positive
 tebakskormw timnasday indonesia 4 1 bahrain,positive
bismillah give away bahrain vs indonesia saldo e wallet 150k buat 3 orang beruntung   50k     rules     rep doa buat timnas   like  amp   postingan ini   follow juga boleh hehe gw kocok tengah malam setelah laga usai  timnasday,neutral
 10 0  karena bahrain butuh 9 gol buat lolos itulah timnas kebanggaan towel  bangga karena bisa bikin senang mafia judi bola kemarin pun ada yg ngamuk2 karena kalah ratusan juta waktu peandingan arab vs indonesia ,negative
 jadwal dan link live streaming timnas indonesia vs bahrain di kualifikasi piala dunia 2026 zona asia ,positive
jelang timnas indonesia vs bahrain rafael struick jadi staer di brisbane roar ,neutral
  ft     bahrain 1 3 indonesia    timnasday,positive
bahrain vs timnas indonesia shin tae yong beri isyarat dua pemain ini jadi staer ,positive
timnas indonesia akan dijamu timnas bahrain dalam laga lanjutan kualifikasi piala dunia 2026  shin tae yong menyongsong laha ke 50 bersama skuad garuda  ,positive
  ft     bahrain 0 3 indonesia    timnasday,positive
  alhamdulillah  maaen paes pulih siap kawal gawang timnas indonesia vs bahrain ,positive
rekor head to head timnas indonesia vs bahrain  7 peemuan 2 kali menang  ,neutral
  mau nonton timnas vs bahrain rasanya lama banget sampe kebawa mimpi  emang timnas skrg punya daya tarik tersendiri bagi seluruh rakyat indonesia,negative
siap pamer ke kakaknya eliano reijnders pasang target di laga timnas indonesia vs bahrain ,positive
 witan rayakan ultah jelang timnas indonesia vs bahrain kena usil shin tae yong ,neutral
 prediksi susunan pemain timnas indonesia vs bahrain malam ini  skuad garuda menyala  ,neutral
 jadwal dan link live streaming timnas indonesia vs bahrain di kualifikasi piala dunia 2026 zona asia ,positive
  coba prediksi timnas indonesia vs bahrain brp skornya bang  ,neutral
  sudah feeling injury time akan diextend selama mungkin sampai bahrain dapat gol kedua  tapi kita jg ada salah buang peluang  pas counter attack 3 lawan 1 nggak bisa digolkan  kalau skor jadi 3 1 udah selesai itu bahrain ,negative
 ini mbah gak menang pulsa gpp yg prg bawa 3 point bahrain 1 2 indonesia tebakskormw timnasday,neutral
bahrain vs timnas indonesia mainpaes masih cedera  timnas geraknews timnasday bahrain arhan sputarbola,positive
  49 negara siarkan laga timnas indonesia vs bahrain di kualifikasi piala duni 2026 ini daftarnya ,negative
messi puji kualitas egy maulana vikri dan ricky kambuaya jelang timnas indonesia vs bahrain ,positive
timnas indonesia vs bahrain  shin tae yong beri sinyal mees hilgers bakal debut  ,positive
jadwal avc challenge cup for men 2023 menyajikan duel timnas voli putra indonesia vs bahrain pada siang ini pukul 14 00 wib  ,neutral
prediksi pelatih persib bandung bojan hodak soal laga timnas indonesia vs bahrain dan china  punya peluang menang  ,positive
jadwal timnas indonesia vs bahrain di kualifikasi piala dunia 2026 pada 10 oktober simak 3 fakta menjelang laga  tempobola,neutral
adu mahal timnas indonesia vs bahrain di kualifikasi piala dunia 2026 skuad garuda superior  bisnis,neutral
kapan timnas indonesia vs bahrain  berikut jadwal dan tv yang menyiarkan ,neutral
timnas indonesia vs bahrain  eliano reijnders antusias jelang debut bersama skuad garuda ,positive
jadi official broadcaster laga timnas indonesia vs bahrain rcti dan gtv siap kawal perjalanan garuda ke piala dunia 2026 ,positive
pssi targetkan mees hilgers dan eliano reijnders bisa perkuat timnas indonesia vs bahrain di kualifikasi piala dunia  tempobola,negative
meski sedang cedera ramahnya maaen paes tawari penggemar foto bersama siap bela timnas indonesia vs bahrain   kiper timnas indonesia maaen paes cedera di bagian tangan kanannya dan terpantau menggunakan pelindung tangan  akankah tetap ikut di laga  ,neutral
media bahrain lempar psywar ke timnas indonesia sebut 2 faktor ini bisa dimanfaatkan the reds untuk bikin garuda keok  laga timnas indonesia vs bahrain di kualifikasi piala dunia 2026 zona asia mendapatkan perhatian dari berbagai pihak termasuk media  ,positive
jelang timnas indonesia vs bahrain maaen paes ceritakan momen tahan tembakan penalti pemain arab saudi ,positive
jadwal timnas indonesia vs bahrain dan china di kualifikasi piala dunia 2026 zona asia ,positive
shin tae yong diterpa kabar buruk jelang timnas indonesia vs bahrain pemain naturalisasi ini cedera usai bawa klubnya menang di eropa   pelatih timnas indonesia shin tae yong diterpa kabar buruk jelang skuad garuda melawan bahrain karena salah satu  ,positive
mees hilgers berpeluang jadi staer saat laga timnas indonesia vs bahrain ini alasannya ,positive
maaen paes catat fakta menarik jelang laga timnas indonesia vs bahrain ,positive
potensi staing vi timnas voli indonesia vs bahrain di avc challenge cup skuad inti farhan halim  avcchallengecup avcchallengecup2023 avc2023 volley voli indonesia,neutral
media korea prediksi laga timnas indonesia vs bahrain bisa jadi penentu nasib di kualifikasi piala dunia 2026  timnas indonesia akan menghadapi bahrain di stadion nasional bahrain riffa kamis  10 10 2024    ,neutral
head to head timnas indonesia vs bahrain  skuad garuda pernah menang 2 kali ,positive
momen timnas putri indonesia vs bahrain  garuda peiwi menang 3 0 timnasindonesia detikcom ,positive
bulan ini 12 thn yg lalu  indonesia dibantai bahrain 0 10 di laga terakhir r3 kualifikasi piala dunia 2014  bahrain butuh menang minimal 9 0 utk menjaga peluang lolos ke babak keempat  akhirnya tdk lolos krn qatar imbang vs iran   timnas amburadul karena dualisme kompetisi  ,neutral
shin tae yong coret egy maulana vikri hingga pratama arhan jelang timnas indonesia vs bahrain dan china di kualifikasi piala dunia 2026  ,neutral
timnas indonesia vs bahrain  2 pemain naturalisasi the reds bakal repotkan thom haye dan ragnar oratmangoen ,positive
pssi patok target eliano reijnders dan mees hilgers didaftarkan akhir september 2024 main di laga timnas indonesia vs bahrain  ,negative
berkas ditandatangani presiden mees hilgers dan eliano reijnders main di laga timnas indonesia vs bahrain dan china  ,negative
dejavu peemuan timnas indonesia vs bahrain ,neutral
shing tae yong sudah pilih 26 pemain untuk timnas indonesia vs bahrain dan china jordi amat berpotensi tak diajak ,neutral
rekor peemuan timnas indonesia vs bahrain  pernah dibantai 0 10 skuad garuda gagal dominan  ,neutral
jelang timnas indonesia vs bahrain  skuad garuda harus waspadai teror sinar laser ,positive
jadwal timnas indonesia vs bahrain dan china di kualifikasi piala dunia 2026 zona asia pada oktober 2024 ,positive
prediksi line up timnas indonesia vs bahrain jika diperkuat mees hilgers dan eliano reijnders di kualifikasi piala dunia 2026 ,neutral
shin tae yong temukan penyerang ganas yang siap dimainkan di laga timnas indonesia vs bahrain dan china ,positive
jadwal siaran langsung timnas indonesia vs bahrain di kualifikasi piala dunia 2026 live di rcti  ,positive
shin tae yong panggil 5 pemain baru untuk laga timnas indonesia vs bahrain dan china  ,positive
proses naturalisasi mees hilgers dan eliano reijnders lancar potensi debut di laga timnas indonesia vs bahrain kian besar ,positive
tambah mees hilgers dan eliano reijnders ini prediksi line up timnas indonesia vs bahrain di kualifikasi piala dunia 2026 ,neutral
5 pemain baru yang dipanggil shin tae yong untuk laga timnas indonesia vs bahrain dan china di kualifikasi piala dunia 2026  ,positive
live di rcti  ini jadwal siaran langsung timnas indonesia vs bahrain di kualifikasi piala dunia 2026 ,positive
mees hilgers bentangkan bendera indonesia kelar laga fc twente vs sc heerenveen siap turun di laga timnas indonesia vs bahrain  ,neutral
jadwal timnas indonesia di round 3 wcq2026 afc  5 sept 2024 arab saudi vs indonesia 10 sept 2024 indonesia vs australia 10 okt 2024 bahrain vs indonesia 15 okt 2024 china vs indonesia 14 nov 2024 indonesia vs jepang 19 nov 2024 indonesia vs arab saudi 20 maret 2025 ,neutral
perbandingan kekuatan timnas indonesia vs bahrain  skuad garuda ternyata punya dua keunggulan membanggakan  ,positive
timnas indonesia vs bahrain  garuda fokus pemulihan tak masalah cuaca  ,positive
berikut jadwal timnas indonesia vs bahrain di kualifikasi piala dunia 2026 zona asia bnetwork ,neutral
jadwal timnas indonesia vs bahrain di kualifikasi piala dunia 2026 10 oktober simak 3 fakta menjelang laga  tempobola,neutral
maaen paes belum pasti masuk staing xi timnas indonesia vs bahrain meski pulih cedera kenapa  ,neutral
jadwal dan live avc challenge cup 2023 timnas voli indonesia vs bahrain lihat doni haryono di moji tv  avcchallengecup avcchallengecup2023 avc2023 avc voli volley,neutral
jadwal siaran langsung timnas indonesia vs bahrain di kualifikasi piala dunia 2026 zona asia saksikan live di rcti dan gtv  ,positive
timnas indonesia vs bahrain  pasukan dragan talajic fokus matangkan taktik jelang hadapi mees hilgers cs  ,negative
mees hilgers dan eliano reijnders sudah tidak sabar main bareng timnas indonesia vs bahrain dan china ,positive
jelang dipanggil timnas indonesia vs bahrain dan china di kualifikasi piala dunia 2026 maaen paes kebobolan 3 gol tapi catat 4 saves ,positive
mees hilgers dan eliano reijnders disumpah senin tanggal 23 sehari jelang deadline pemain timnas indonesia vs bahrain dan china ,positive
timnas indonesia vs bahrain dan china  jordi amat dan malik risaldi comeback justin hubner dan ramadhan sananta absen ,neutral
live di gtv  jadwal siaran langsung timnas indonesia vs bahrain di kualifikasi piala dunia 2026 zona asia ,positive
link live streaming timnas indonesia vs bahrain di kualifikasi piala dunia 2026 ,neutral
peandingan antara timnas indonesia vs bahrain di kualifikasi piala dunia 2026 segera berlangsung ,negative
timnas indonesia vs bahrain misi garuda hapus memori kelam 0 10 ,neutral
gawat  maaen paes cedera jelang timnas indonesia vs bahrain di kualifikasi piala dunia 2026 ,negative
maaen paes pulih dari cedera siap turun di laga timnas indonesia vs bahrain bnetwork ,neutral
daftar lengkap 27 pemain yang dipanggil sty untuk laga timnas indonesia vs bahrain dan china ,neutral
shin tae yong panggil 27 pemain timnas indonesia vs bahrain dan china mees hilgers dan eliano reijnders masuk ,neutral
respon justin hubner usai tak masuk skuad timnas indonesia vs bahrain dan china ,negative
mees hilgers dan eliano reijnders jadinya disumpah wni 30 september pendaftaran pemain timnas indonesia vs bahrain ditutup 3 oktober 2024 ,neutral
pssi  mees hilgers dan eliano reijnders berpeluang debut bela timnas indonesia vs bahrain atau china ,negative
kabar buruk buat shin tae yong jelang timnas indonesia vs bahrain ,positive
3 pemain yang dicoret shin tae yong untuk laga timnas indonesia vs bahrain dan china ,positive
maaen paes belum tentu staing xi timnas indonesia vs bahrain sty pilih nadeo atau ernando  ,negative
mantap  mees hilgers dan eliano reijnders diisyaratkan dapat perkuat timnas indonesia vs bahrain dan china pada oktober 2024 ,positive
jadwal dan link live streaming timnas indonesia vs bahrain di kualifikasi piala dunia 2026 zona asia ,positive
makin dipantau nih  duel timnas indonesia vs bahrain diklankan di liga belanda saat tim thom haye vs mees hilgers tanding ,positive
jadwal timnas indonesia vs bahrain disiarkan di tv mana  ,neutral
jadwal timnas indonesia vs bahrain dan china di kualifikasi piala dunia 2026 ,positive
mees hilgers dan eliano reijnders jadinya disumpah wni 30 september pendaftaran pemain timnas indonesia vs bahrain ditutup 3 oktober 2024 ,neutral
2 pemain yang berpotensi jadi lawan tangguh mees hilgers saat timnas indonesia vs bahrain di r3 kualifikasi piala dunia 2026 ,positive
prediksi staing xi timnas indonesia vs bahrain dan china  mees hilgers dan eliano reijnders datang siapa jadi korban  ,positive
jadwal timnas indonesia vs bahrain dan china ,positive
shin tae yong pastikan mees hilgers dan eliano reijnders gabung timnas indonesia vs bahrain dan china setelah diambil sumpah wni besok ,positive
prakiraan staing xi timnas indonesia vs bahrain  peluang debut mees hilgers eliano reijnders bisa jadi supersub ,positive
shin tae yong kehilangan satu asisten saat timnas indonesia vs bahrain dan china siapa  ,positive
pssi proses perpindahan federasi mees hilgers dan eliano reijnders dari knvb di fifa baru daftar ke timnas indonesia vs bahrain dan china ,neutral
official  mees hilgers dan eliano reijners resmi wni  keduanya dipastikan sudah bisa diturunkan timnas indonesia di lanjutan round 3 kualifikasi piala dunia 2026  indonesia akan menjalani laga away vs bahrain pada 10 oktober dan away lagi vs china pada 15 oktober 2024  ,neutral
bang jay idzes kirim pesan menyentuh ke supoer timnas indonesia jelang vs bahrain ini isinya ,neutral
 sah jadi wni mees hilgers dan eliano reijnders diproyeksi bela timnas indonesia vs bahrain dan china ,positive
infografis daftar 27 pemain timnas indonesia vs bahrain dan china ,neutral
deretan 3 pemain persija yang perkuat timnas indonesia vs bahrain dan china ,neutral
timnas indonesia vs bahrain dimainkan kapan  ini paai panas lanjutan kualifikasi piala dunia putaran 3 ,negative
komentar mengejutkan justin hubner usai dicoret dari skuad timnas indonesia vs bahrain dan china ,positive
mees hilgers dan eliano reijnders diupayakan bela timnas indonesia vs bahrain dan china pssi berburu dengan waktu ,negative
mamah aku ga sabar nunggu timnas indonesia vs bahrain  it s time to revenge bahrain  negara yang pernah mempermalukan indonesia 10 0  2007 aja kita bisa kalahkan bahrain 2 1  2024 kita bantai bahrain  garnacho bruno fernandez aja dikantongin hilgers apalagi cuma bahrain ,neutral
maaen paes tak nongol di laga fc dallas vs san jose ternyata cedera pergelangan tangan  bisa perkuat timnas indonesia vs bahrain  ,neutral
kata pengamat soal peluang timnas indonesia vs bahrain dan tiongkok di kualifikasi piala dunia 2026 ,positive
prediksi line up timnas indonesia vs bahrain di kualifikasi piala duni 2026 tanpa hubner    timnasindonesia,neutral
infografis head to head timnas indonesia vs bahrain ,positive
adu mewah skuad timnas indonesia vs bahrain  garuda lebih superior    indonesia ,neutral
lewat dari 24 september 2024 mees hilgers dan eliano reijnders tidak bisa perkuat timnas indonesia vs bahrain dan china  thephraseid timnasindonesia meeshilgers elianoreijnders ,positive
timnas indonesia vs bahrain kualifikasi piala dunia 2026  prediksi skor line up dan head to head  lewat  timnasindonesia bahrain kualifikasipd pialadunia2026 timnasday,neutral
prediksi timnas indonesia vs bahrain kualifikasi piala dunia 2026 hilgers reijnders langsung debut   lewat  timnasindonesia timnasday indonesia bahrain kualifikasipd pialadunia2026,positive
timnas indonesia vs bahrain kualifikasi piala dunia 2026 kans garuda menang dan upaya kejar 15 poin  lewat  timnasindonesia bahrain kualifikasipd,positive
head to head timnas indonesia vs bahrain jelang kualifikasi piala dunia 2026 lengkap rekor kelam  lewat ,neutral
kapan timnas indonesia vs bahrain  shin tae yong beber kondisi cidera paes dan witan jelang laga kualifikasi piala dunia 2026 zona asia tribunkaltim maaenpaes timnasindonesia timnasday sty  lewat ,neutral
bang prediksi timnas indonesia vs bahrain donk timnas vs japan timnas vs china,positive
ini jadwal timnas indonesia kumpul jelang vs bahrain dan china di kualifikasi piala dunia 2026 ,positive
erick thohir bocorkan persiapan timnas indonesia jelang vs bahrain apresiasi pemain naturalisasi ,neutral
peahanan timnas indonesia jelang vs bahrain dan china  tembok baru hadir semoga maaen paes fit  ,positive
resmi  daftar pemain timnas indonesia vs bahrain persib dan malut united sumbang pemain timnasindonesia  lewat ,neutral
jadwal timnas indonesia vs bahrain dan china tim shin tae yong pasca hilgers dan reijnders gabung timnasindonesia  lewat ,positive
prediksi line up timnas indonesia vs bahrain kualifikasi piala dunia 2026 maaen paes bisa main   lewat  timnasindonesia timnasday maaenpaes kualifikasipd pialadunia2026 bahrain indonesia,neutral
jadwal siaran langsung rcti timnas indonesia vs bahrain kondisi maaen paes demi piala dunia 2026 timnasday timnasindonesia  lewat ,positive
rekor head to head timnas indonesia vs bahrain   world cup qualifier 2026 asia  aquadulu timnasday jayidzes pssi timnasindonesia prediksigol prediksiskor ,negative
jadwal siaran langsung rcti timnas indonesia vs bahrain kondisi maaen paes demi piala dunia 2026 timnasday timnasindonesia rcti  lewat ,positive
garuda calling timnas indonesia    27 pemain timnas indonesia untuk kualifikasi piala dunia zona asia ronde ketiga matchday 3  amp  4           bahrain vs indonesia 10 10 2024   23 00 wib china vs indonesia 15 10 2024   19 00 wib timnasday timnasindonesia ,neutral
jadwal timnas voli putra di avc challenge cup 2023   sabtu 8 juli 23   indonesia vs srilanka   11 30 wib minggu 9 juli 23   indonesia vs bahrain   14 00 wib tempat   university of taipei gymnasium ,neutral
syarat timnas indonesia lolos ke 16 besar piala asia 2023 skenario 1  bergantung hasil jordania vs bahrain  indonesia akan lolos apabila bahrain kalah dengan marjin 3 gol  berapapun skornya  dalam laga terakhirnya melawan jordania  bahrain kalah 0 2 dari jordania bahrain ,positive
 jadwal timnas oktober 2024 timnas senior   r3 kualifikasi piala dunia 2026 10 10     bahrain vs indonesia    15 10     china vs indonesia    timnas u17   kualifikasi piala asia u17 2025 23 10     kuwait vs indonesia    25 10     mariana island vs indonesia    ,neutral
live di youtube timnas indonesia official buat laga bahrain vs indonesia  kick off mulai pukul 22 45 wib gas linknya   ,neutral
ini katanya konon    next away to bahrain jadwal timnas indonesia vs bahrain di kualifikasi piala dunia 2026 zona asia di putaran ketiga  kamis 10 oktober 2024 di bahrain national stadium pukul 23 00 wib  timnasindonesia indonesia bahrainvsindonesia indonesiavsbahrain ,neutral
sedang berlangsung babak kedua laga timnas bahrain vs timnas indonesia  babak peama indonesia unggul 3 0  live di youtube timnas indonesia timnasday ,neutral
ada timnas wanita tuh vs bahrain,negative
possible line up timnas indonesia vs bahrain  kira kira pas gak guys  ,neutral
timnas day           jangan lewatkan avc challenge cup for men 2023   saksikan serunya peandingan antara indonesia vs bahrain senin 10 juli 2023   pukul 13 30 wib live di moji  amp   itsmoji avc2023 avcchallengecup avcmen voliindo timnasvoli ,neutral
kalender timnas indonesia senior bulan oktober  timnas senior   r3 kualifikasi piala dunia 2026 10 10     bahrain vs indonesia    15 10     china vs indonesia    jangan lupa catat tanggalnya gaess timnasday timnasindonesia,neutral
sekarang lagi ada rerun indonesia vs bahrain di moji probably one of timnas putra indonesia best performance in recent years   ,neutral
jadwal siaran langsung bahrain vs timnas indonesia di kualifikasi piala dunia 2026 zona asia live di rcti  ,positive
resmi  setelah raih hasil kalah dari bahrain dan seri vs indonesia graham arnold mundur dari jabatannya sebagai head coach timnas australia ,neutral
prediksi skor yordania vs bahrain  timnas indonesia harap harap cemas bukan duel main mata ,negative
prediksi line up timnas indonesia vs bahrain  mees hilgers dan eliano reijnders siap perkuat skuad garuda  ,neutral
jadwal babak 16 besar piala asia 2023  timnas indonesia vs australia arab saudi vs korea bahrain vs jepang  tempobola,neutral
ahmed al kaf ditunjuk jadi wasit timnas bahrain vs timnas indonesia ,positive
kualifikasi piala dunia 2026  timnas indonesia dihantui aib 0 10 vs bahrain saatnya balas dendam  ,negative
3 alasan timnas indonesia bisa petik minimal 4 poin vs bahrain di kualifikasi piala dunia 2026 ,positive
jaga asa buat lolos     jadwal berikutnya timnas indonesia di kualifikasi piala dunia afc 2026 sudah di depan mata  jangan lewatkan dua peandingan penting ini     bahrain vs    indonesia kamis 10 oktober    china vs    indonesia selasa 15 oktober dukung garuda ,positive
 training match timnas putri indonesia women vs bahrain women 22 45 wib ahli club stadium youtube timnasindonesia official timnasday timnasindonesia    ,neutral
timnas putri    bahrain vs indonesia live streaming  timnasday ,positive
jadwal peandingan timnas indonesia vs bahrain kamis 10 oktober 2024 timnasday ,neutral
ada ancaman laser bakal ganggu laga timnas indonesia vs bahrain rizky ridho bilang begini ,negative
timnas indonesia vs bahrain link streamingnya cek aja ya di bio,neutral
duel timnas yordania vs timnas bahrain akan menjadi salah satu penentu nasib timnas indonesia di piala asia 2023  ada potensi dilmun warriors menelan kekalahan  ,positive
hasil bahrain vs yordania tak sesuai harapan posisi timnas indonesia makin kritis ,negative
live score hasil timnas wanita indonesia vs bahrain tekad safira ika dkk lanjutkan trend positif ,positive
link live streaming timnas putri indonesia vs bahrain nonton gratis siaran langsung hari ini 11 juni di tv apa timnasday timnasindonesiamandiri timnasindonesia timnaswanita ,neutral
berita bola singa mantap  shin tae yong panggil mees hilgers dan eliano reijnders ke timnas indonesia vs bahrain dan china whatsapp    62 831 0184 9549 official bola singa ,positive
timnas voli putra indonesia vs sri lanka dan bahrain doni haryono cs sapu jadwal avc challenge cup  avcchallengecup2023 avc2023 indonesia voli volleyball,neutral
sementara timnas indonesia voli putra vs timnas bahrain skor 14 15,neutral
setelah laga yordania vs bahrain terlihat tidak memberi harapan bagi timnas indonesia pada akhirnya skuad garuda bisa lolos setelah duel oman vs kirgistan imbang 1 1  dramatis  indonesia lolos 16 besar piala asia   timnasday,positive
berkas ditandatangani presiden mees hilgers dan eliano reijnders main di laga timnas indonesia vs bahrain dan china  ,negative
tentukan nasib timnas indonesia ini prediksi yordania vs bahrain di piala asia 2023  beritasatu news berita,neutral
timnas indonesia vs bahrain dan china kapan dimulai  ini jadwalnya ,neutral
jadwal leg 2 siaran langsung timnas indonesia putri vs bahrain live di mana jam berapa  ini link streaming timnasday ,neutral
link live streaming timnas indonesia putri vs bahrain live timnasday timnasindonesia ,positive
jadwal bahrain vs timnas indonesia  peluang rebut 3 poin ,positive
